ts,Date,Time,Latitude,Longitude,lat_bin,lon_bin,segment_id,Vehicle,Place,Position,Reason,Description,Temperature (C),Humidity (%),Precipitation (mm),Wind Speed (km/h),hour,dow,is_weekend,is_wet,is_speed_reason,SPI_smoothed
2020-01-06 08:00:00,2020.01.06,08:00:00,6.997421,80.477024,6.997,80.477,6.997_80.477,Car,Rampadeniya 51/6 Culvert,"6.997421, 80.477024",Slipped,Turn over,23.6,67,0.0,2.9,8,0,0,0,0,0.35071806500377933
2020-01-07 14:30:00,2020.01.07,14:30:00,6.990092,80.456055,6.99,80.456,6.99_80.456,Lorry,Millagahamula,"6.990092, 80.456055",Mechanical Error,hit a electricity tower,25.8,74,0.7,6.9,14,1,0,1,0,0.35071806500377933
2020-01-10 20:05:00,2020.01.10,20:05:00,6.955723,80.527169,6.956,80.527,6.956_80.527,Bus,Diyagala 57/9 Culvert,"6.955723, 80.527169",Excessive Speed,hit a fence,20.9,95,0.0,5.1,20,4,0,0,1,0.39833711262282695
2020-01-14 08:15:00,2020.01.14,08:15:00,6.969302,80.513117,6.969,80.513,6.969_80.513,Bus,57km Mark In Hatton Road,"6.969302, 80.513117",Excessive Speed,accident,22.9,66,0.0,2.9,8,1,0,0,1,0.39833711262282695
2020-01-18 06:05:00,2020.01.18,06:05:00,6.991344,80.460638,6.991,80.461,6.991_80.461,Van / Motor Cycle,Millagahamula 48/4 Culvert,"6.991344, 80.460638",Slipped,Turn over,19.4,86,0.0,4.1,6,5,1,0,0,0.35071806500377933
2020-01-19 12:35:00,2020.01.19,12:35:00,6.9924,80.4886,6.992,80.489,6.992_80.489,Bus,Ginigathena Hospital,"6.9924, 80.4886",Excessive Speed,Hit ambulance,27.1,73,0.2,12.5,12,6,1,1,1,0.38023088023088025
2020-01-22 09:30:00,2020.01.22,09:30:00,6.995617,80.479441,6.996,80.479,6.996_80.479,Cab,Pahalakadawala 51/1 Culvert,"6.995617, 80.479441",Slipped,cab/three wheeler,25.6,79,0.4,3.1,9,2,0,1,0,0.35071806500377933
2020-01-23 09:30:00,2020.01.23,09:30:00,6.996108,80.480101,6.996,80.48,6.996_80.48,Lorry,Rampadeniya 51/13 Culvert,"6.996108, 80.480101",Slipped,Turn over,25.3,83,0.2,6.9,9,3,0,1,0,0.35071806500377933
2020-02-01 17:10:00,2020.02.01,17:10:00,6.999472,80.490629,6.999,80.491,6.999_80.491,Lorry,Bagathuluwa 11/4 Culvert,"6.999472, 80.490629",Mechanical Error,Brake failure,25.5,66,0.0,4.3,17,5,1,0,0,0.35071806500377933
2020-02-06 14:55:00,2020.02.06,14:55:00,7.019,80.4938,7.019,80.494,7.019_80.494,Three Wheeler,Ambagamuwa Temple,"7.0190, 80.4938",Excessive Speed,hit a pedestrian,28.7,49,0.0,6.1,14,3,0,0,1,0.39833711262282695
2020-02-14 10:45:00,2020.02.14,10:45:00,6.9913,80.4618,6.991,80.462,6.991_80.462,Motor Cycle,Millagahamula Bridge,"6.9913, 80.4618",Slipped,Fell on curve,24.4,80,0.0,7.3,10,4,0,0,0,0.35071806500377933
2020-02-19 18:20:00,2020.02.19,18:20:00,6.991582,80.461527,6.992,80.462,6.992_80.462,Motor Cycle,Millagahamula 47/3 Culvert,"6.991582, 80.461527",Slipped,fell on curve,23.6,77,0.0,6.3,18,2,0,0,0,0.35071806500377933
2020-02-27 21:20:00,2020.02.27,21:20:00,7.0189,80.4938,7.019,80.494,7.019_80.494,Three Wheeler,Ambagamuwa Temple,"7.0189, 80.4938",Excessive Speed,Hit cyclist,21.8,93,0.1,4.0,21,3,0,0,1,0.39833711262282695
2020-03-04 11:45:00,2020.03.04,11:45:00,6.989,80.4941,6.989,80.494,6.989_80.494,Van,Ginigathena Police Station,"6.9890, 80.4941",Excessive Speed,collision with car,27.2,67,0.1,7.8,11,2,0,0,1,0.39833711262282695
2020-03-05 11:45:00,2020.03.05,11:45:00,6.9913,80.4618,6.991,80.462,6.991_80.462,Motor Cycle,Millagahamula Bridge,"6.9913, 80.4618",Slipped,Turn over,27.6,61,0.0,6.6,11,3,0,0,0,0.35071806500377933
2020-03-11 14:55:00,2020.03.11,14:55:00,6.9939,80.4469,6.994,80.447,6.994_80.447,Van,Kithulvila Hotel,"6.9939, 80.4469",Slipped,Turn over,27.9,64,0.1,7.3,14,2,0,0,0,0.35071806500377933
2020-03-17 16:10:00,2020.03.17,16:10:00,6.9775,80.504,6.978,80.504,6.978_80.504,Car,Kadawala School,"6.9775, 80.5040",Slipped,skidded on mud,25.1,85,0.0,7.4,16,1,0,0,0,0.35071806500377933
2020-03-17 16:45:00,2020.03.17,16:45:00,7.0189,80.4938,7.019,80.494,7.019_80.494,Three Wheeler / Foot Cycle,Ambagamuwa Temple,"7.0189, 80.4938",Excessive Speed,accident,25.1,85,0.0,7.4,16,1,0,0,1,0.39833711262282695
2020-03-20 18:40:00,2020.03.20,18:40:00,7.016803,80.492307,7.017,80.492,7.017_80.492,Car,Ambagamuwa 9/4 Culvert,"7.016803, 80.492307",Excessive Speed,Turn over,22.7,93,0.0,2.7,18,4,0,0,1,0.39833711262282695
2020-03-24 07:30:00,2020.03.24,07:30:00,6.993788,80.445966,6.994,80.446,6.994_80.446,Car,44km Mark On Ht-colombo Rd,"6.993788, 80.445966",Excessive Speed,Lost control,20.6,70,0.0,4.4,7,1,0,0,1,0.39833711262282695
2020-04-01 21:35:00,2020.04.01,21:35:00,6.9942,80.4497,6.994,80.45,6.994_80.45,Bus,Pitawala Junction,"6.9942, 80.4497",Excessive Speed,hit a barrier,21.5,86,0.0,3.4,21,2,0,0,1,0.39833711262282695
2020-04-06 16:05:00,2020.04.06,16:05:00,6.978656,80.503532,6.979,80.504,6.979_80.504,Bus,Diyagala 57/8 Culvert,"6.978656, 80.503532",Slipped,Skidded on wet road,25.2,88,0.1,4.7,16,0,0,0,0,0.35071806500377933
2020-04-14 08:00:00,2020.04.14,08:00:00,7.019,80.4938,7.019,80.494,7.019_80.494,Lorry,Ambagamuwa 9/8 Culvert,"7.0190, 80.4938",Mechanical Error,steering failure,25.0,83,0.0,3.9,8,1,0,0,0,0.35071806500377933
2020-04-16 12:00:00,2020.04.16,12:00:00,6.998272,80.467324,6.998,80.467,6.998_80.467,Three Wheeler / Lorry,Jeewani Motors,"6.998272, 80.467324",Mechanical Error,accident - 2 three wheelers,26.7,75,0.1,3.8,12,3,0,0,0,0.35071806500377933
2020-04-19 09:40:00,2020.04.19,09:40:00,6.994455,80.465674,6.994,80.466,6.994_80.466,Lorry,Ranjurawa 49/4 Culvert,"6.994455, 80.465674",Excessive Speed,Hit electricity pole,26.4,74,0.0,3.8,9,6,1,0,1,0.39833711262282695
2020-04-27 13:25:00,2020.04.27,13:25:00,6.9889,80.4921,6.989,80.492,6.989_80.492,Three Wheeler,Ginigathena Market,"6.9889, 80.4921",Slipped,Turn over,28.4,69,0.0,8.4,13,0,0,0,0,0.35071806500377933
2020-05-02 22:15:00,2020.05.02,22:15:00,6.9887,80.4948,6.989,80.495,6.989_80.495,Motor Cycle,Ginigathena Temple,"6.9887, 80.4948",Slipped,Fell on wet road,22.1,90,0.1,1.9,22,5,1,0,0,0.35071806500377933
2020-05-10 17:50:00,2020.05.10,17:50:00,6.9985,80.4758,6.998,80.476,6.998_80.476,Motor Cycle,Badupola 50km Marker,"6.9985, 80.4758",Excessive Speed,hit a dog,23.8,93,0.2,1.4,17,6,1,1,1,0.39833711262282695
2020-05-15 13:50:00,2020.05.15,13:50:00,6.9896,80.4917,6.99,80.492,6.99_80.492,Three Wheeler,Arogya Medical Center,"6.9896, 80.4917",Excessive Speed,Hit pedestrian,24.3,91,1.5,7.4,13,4,0,1,1,0.39833711262282695
2020-05-18 15:30:00,2020.05.18,15:30:00,6.993901,80.446952,6.994,80.447,6.994_80.447,Three Wheeler,Kithulvila Hotel,"6.993901, 80.446952",Excessive Speed,turn over,23.3,96,3.8,6.4,15,0,0,1,1,0.39833711262282695
2020-05-23 10:15:00,2020.05.23,10:15:00,6.977957,80.503856,6.978,80.504,6.978_80.504,Van,Diyagala 56/5 Culvert,"6.977957, 80.503856",Slipped,skidded on oil,25.0,93,0.2,6.3,10,5,1,1,0,0.35071806500377933
2020-05-28 18:25:00,2020.05.28,18:25:00,6.9945,80.4471,6.994,80.447,6.994_80.447,Van,Kalugala Maha Vidyalaya,"6.9945, 80.4471",Slipped,Turn over,22.3,96,0.1,8.4,18,3,0,0,0,0.35071806500377933
2020-06-05 19:40:00,2020.06.05,19:40:00,6.990058,80.463009,6.99,80.463,6.99_80.463,Car,Millagahamula 46/10 Culvert,"6.990058, 80.463009",Excessive Speed,out of control,22.2,93,0.0,5.9,19,4,0,0,1,0.39833711262282695
2020-06-10 11:00:00,2020.06.10,11:00:00,6.989994,80.457293,6.99,80.457,6.99_80.457,Car,Millagahamula 46/12 Culvert,"6.989994, 80.457293",Excessive Speed,Collision with lorry,24.5,85,1.0,8.9,11,2,0,1,1,0.39833711262282695
2020-06-18 07:05:00,2020.06.18,07:05:00,6.9924,80.4886,6.992,80.489,6.992_80.489,Bus,Ginigathena Hospital,"6.9924, 80.4886",Slipped,hit a pole,23.2,90,0.1,8.0,7,3,0,0,0,0.35071806500377933
2020-06-23 19:35:00,2020.06.23,19:35:00,6.9954,80.4918,6.995,80.492,6.995_80.492,Bus,Ginigathena Bus Stand,"6.9954, 80.4918",Slipped,Skidded on oil,22.3,96,0.0,3.3,19,1,0,0,0,0.35071806500377933
2020-07-01 12:30:00,2020.07.01,12:30:00,6.979477,80.503537,6.979,80.504,6.979_80.504,Lorry,Kadawala 55/16 Culvert,"6.979477, 80.503537",Mechanical Error,brake failure,25.2,86,0.7,9.4,12,2,0,1,0,0.35071806500377933
2020-07-06 08:10:00,2020.07.06,08:10:00,6.9985,80.4758,6.998,80.476,6.998_80.476,Lorry,Badupola 50km Marker,"6.9985, 80.4758",Mechanical Error,Engine failure,23.5,85,0.1,8.7,8,0,0,0,0,0.35071806500377933
2020-07-13 12:45:00,2020.07.13,12:45:00,6.990092,80.456055,6.99,80.456,6.99_80.456,Tipper /bus,Millagahamula,"6.990092, 80.456055",Excessive Speed,accident while overtaking,25.6,92,0.5,8.3,12,0,0,1,1,0.39833711262282695
2020-07-14 15:55:00,2020.07.14,15:55:00,7.019,80.4938,7.019,80.494,7.019_80.494,Three Wheeler,Ambagamuwa Temple,"7.0190, 80.4938",Excessive Speed,hit a cyclist,24.9,83,0.2,12.0,15,1,0,1,1,0.39833711262282695
2020-07-19 12:45:00,2020.07.19,12:45:00,7.017119,80.492386,7.017,80.492,7.017_80.492,Motor Cycle,Ambagamuwa 9/5 Culvert,"7.017119, 80.492386",Excessive Speed,Hit three-wheeler,26.8,74,0.2,5.0,12,6,1,1,1,0.4256854256854257
2020-07-27 20:20:00,2020.07.27,20:20:00,6.9954,80.4918,6.995,80.492,6.995_80.492,Motor Cycle,Ginigathena Bus Stand,"6.9954, 80.4918",Slipped,fell on wet road,22.0,74,0.0,3.7,20,0,0,0,0,0.35071806500377933
2020-08-01 17:20:00,2020.08.01,17:20:00,6.9889,80.4921,6.989,80.492,6.989_80.492,Three Wheeler,Ginigathena Market,"6.9889, 80.4921",Slipped,Turn over,23.1,91,0.7,9.8,17,5,1,1,0,0.35071806500377933
2020-08-09 09:45:00,2020.08.09,09:45:00,6.996108,80.480102,6.996,80.48,6.996_80.48,Van,Rampadeniya 51/14 Culvert,"6.996108, 80.480102",Excessive Speed,collision with lorry,22.9,96,0.4,8.1,9,6,1,1,1,0.39833711262282695
2020-08-10 22:15:00,2020.08.10,22:15:00,6.979471,80.503557,6.979,80.504,6.979_80.504,Three Wheeler,Diyagala 57/7 Culvert,"6.979471, 80.503557",Slipped,out of control,21.1,91,0.0,4.1,22,0,0,0,0,0.35071806500377933
2020-08-14 10:55:00,2020.08.14,10:55:00,6.976911,80.50359,6.977,80.504,6.977_80.504,Van,Diyagala 56/2 Culvert,"6.976911, 80.503590",Excessive Speed,Lost control,24.1,82,0.3,12.1,10,4,0,1,1,0.4256854256854257
2020-08-18 17:30:00,2020.08.18,17:30:00,6.999472,80.490629,6.999,80.491,6.999_80.491,Three Wheeler,Bagathuluwa 11/4 Culvert,"6.999472, 80.490629",,,23.7,83,0.0,5.4,17,1,0,0,0,0.35071806500377933
2020-08-20 11:00:00,2020.08.20,11:00:00,6.993788,80.445966,6.994,80.446,6.994_80.446,Three Wheeler,44km Mark On Ht-colombo Rd,"6.993788, 80.445966","Slipped, Excessive Speed",out of control,25.1,79,0.1,9.1,11,3,0,0,1,0.39833711262282695
2020-08-22 14:10:00,2020.08.22,14:10:00,6.9942,80.4497,6.994,80.45,6.994_80.45,Car,Pitawala Junction,"6.9942, 80.4497",Slipped,lost control,25.4,81,0.6,10.6,14,5,1,1,0,0.35071806500377933
2020-08-27 21:30:00,2020.08.27,21:30:00,6.9961,80.48,6.996,80.48,6.996_80.48,Car,Rampadeniya 51/11 Culvert,"6.9961, 80.4800",Slipped,Skidded on gravel,20.6,97,0.0,4.2,21,3,0,0,0,0.35071806500377933
2020-09-04 18:35:00,2020.09.04,18:35:00,6.976686,80.506372,6.977,80.506,6.977_80.506,Bus,Diyagala 57/10 Culvert,"6.976686, 80.506372",Excessive Speed,hit a tree,23.1,88,0.0,4.4,18,4,0,0,1,0.39833711262282695
2020-09-09 14:05:00,2020.09.09,14:05:00,6.977741,80.503269,6.978,80.503,6.978_80.503,Bus,Kadawala 55/13 Culvert,"6.977741, 80.503269",Excessive Speed,Hit tree,21.5,95,4.0,9.2,14,2,0,1,1,0.4256854256854257
2020-09-13 16:30:00,2020.09.13,16:30:00,6.989008,80.494092,6.989,80.494,6.989_80.494,Car,Ginigathena Police Station,"6.989008, 80.494092",Excessive Speed,out of control,21.4,97,0.5,10.6,16,6,1,1,1,0.39833711262282695
2020-09-17 11:00:00,2020.09.17,11:00:00,6.989992,80.463073,6.99,80.463,6.99_80.463,Lorry,Millagahamula 48/7 Culvert,"6.989992, 80.463073",Slipped,Turn over,24.1,96,0.4,11.8,11,3,0,1,0,0.35071806500377933
2020-09-22 07:40:00,2020.09.22,07:40:00,6.9918,80.4571,6.992,80.457,6.992_80.457,Lorry,Millagahamula Wasana Hotel,"6.9918, 80.4571",Slipped,Turn over,21.4,98,0.6,5.9,7,1,0,1,0,0.35071806500377933
2020-09-30 16:25:00,2020.09.30,16:25:00,6.9889,80.4921,6.989,80.492,6.989_80.492,Three Wheeler,Ginigathena Market,"6.9889, 80.4921",Excessive Speed,hit a cart,21.9,94,0.3,10.7,16,2,0,1,1,0.39833711262282695
2020-10-05 08:55:00,2020.10.05,08:55:00,6.992444,80.488624,6.992,80.489,6.992_80.489,Van,Ginigathena Hospital,"6.992444, 80.488624",Mechanical Error,out of control,23.0,81,0.0,6.4,8,0,0,0,0,0.35071806500377933
2020-10-05 16:15:00,2020.10.05,16:15:00,7.010875,80.490356,7.011,80.49,7.011_80.49,Motor Cycle,Ambagamuwa Samurdi Bank,"7.010875, 80.490356",Excessive Speed,Collision with car,24.1,79,0.0,10.1,16,0,0,0,1,0.39833711262282695
2020-10-13 21:50:00,2020.10.13,21:50:00,6.9775,80.504,6.978,80.504,6.978_80.504,Motor Cycle,Kadawala School,"6.9775, 80.5040",Slipped,skidded on gravel,21.2,100,0.9,12.5,21,1,0,1,0,0.35071806500377933
2020-10-18 09:50:00,2020.10.18,09:50:00,6.989,80.494,6.989,80.494,6.989_80.494,Three Wheeler,Ginigathena Police Station,"6.9890, 80.4940",Slipped,Fell on wet road,23.5,81,0.1,7.1,9,6,1,0,0,0.3347763347763348
2020-10-26 08:15:00,2020.10.26,08:15:00,7.019,80.4938,7.019,80.494,7.019_80.494,Van,Ambagamuwa 9/8 Culvert,"7.0190, 80.4938",Excessive Speed,collision with bike,24.0,79,0.0,2.8,8,0,0,0,1,0.39833711262282695
2020-10-31 22:25:00,2020.10.31,22:25:00,6.9941,80.4496,6.994,80.45,6.994_80.45,Van,Pitawala Junction,"6.9941, 80.4496",Excessive Speed,Hit barrier,20.7,98,0.0,2.1,22,5,1,0,1,0.4256854256854257
2020-11-08 13:40:00,2020.11.08,13:40:00,6.989,80.4941,6.989,80.494,6.989_80.494,Car,Ginigathena Police Station,"6.9890, 80.4941",Slipped,lost control,24.3,86,13.8,8.7,13,6,1,1,0,0.35071806500377933
2020-11-12 18:10:00,2020.11.12,18:10:00,6.9985,80.4758,6.998,80.476,6.998_80.476,Motor Cycle,Badupola 50km Marker,"6.9985, 80.4758",Excessive Speed,out of control / accident three wheeler,22.8,91,0.1,1.1,18,3,0,0,1,0.39833711262282695
2020-11-13 15:00:00,2020.11.13,15:00:00,6.955723,80.527169,6.956,80.527,6.956_80.527,Car,Diyagala 57/9 Culvert,"6.955723, 80.527169",Slipped,Skidded on oil,23.6,99,1.3,2.5,15,4,0,1,0,0.3347763347763348
2020-11-16 11:45:00,2020.11.16,11:45:00,6.9774,80.5039,6.977,80.504,6.977_80.504,Motor Cycle,Kadawala Baduyir Hotel,"6.9774, 80.5039",Slipped,slipped when breaking,25.6,82,0.1,4.7,11,0,0,0,0,0.35071806500377933
2020-11-21 17:05:00,2020.11.21,17:05:00,6.9985,80.4758,6.998,80.476,6.998_80.476,Bus,Badupola 50km Marker,"6.9985, 80.4758",Excessive Speed,hit a fence,22.8,90,0.0,3.4,17,5,1,0,1,0.39833711262282695
2020-11-26 08:35:00,2020.11.26,08:35:00,7.0039,80.4899,7.004,80.49,7.004_80.49,Bus,Bagathuluwa Temple,"7.0039, 80.4899",Excessive Speed,Hit wall,23.9,79,0.0,8.4,8,3,0,0,1,0.4256854256854257
2020-12-04 10:30:00,2020.12.04,10:30:00,6.978387,80.50375,6.978,80.504,6.978_80.504,Lorry,Diyagala 56/6 Culvert,"6.978387, 80.503750",Mechanical Error,engine failure,24.0,91,0.3,7.1,10,4,0,1,0,0.35071806500377933
2020-12-09 13:10:00,2020.12.09,13:10:00,7.0193,80.4952,7.019,80.495,7.019_80.495,Lorry,Ambagamuwa Hot Roti Store,"7.0193, 80.4952",Slipped,Turn over,25.0,83,0.4,4.6,13,2,0,1,0,0.3347763347763348
2020-12-17 19:55:00,2020.12.17,19:55:00,7.019,80.4938,7.019,80.494,7.019_80.494,Three Wheeler,Ambagamuwa Temple,"7.0190, 80.4938",Slipped,Turn over,21.9,89,0.0,0.8,19,3,0,0,0,0.35071806500377933
2020-12-20 16:15:00,2020.12.20,16:15:00,6.955723,80.527169,6.956,80.527,6.956_80.527,Motor Cycle,Diyagala 57/9 Culvert,"6.955723, 80.527169",Excessive Speed,accident with bowser,22.6,90,1.4,4.0,16,6,1,1,1,0.39833711262282695
2020-12-22 18:45:00,2020.12.22,18:45:00,6.9774,80.5039,6.977,80.504,6.977_80.504,Motor Cycle,Kadawala Baduyir Hotel,"6.9774, 80.5039",Excessive Speed,Collision with three-wheeler,21.7,93,0.8,2.8,18,1,0,1,1,0.4256854256854257
2020-12-28 08:15:00,2020.12.28,08:15:00,6.994563,80.447144,6.995,80.447,6.995_80.447,Truck,Kalugala Maha Vidyalaya,"6.994563, 80.447144",Excessive Speed,out of control,23.1,87,0.0,1.0,8,0,0,0,1,0.39833711262282695
2020-12-30 07:20:00,2020.12.30,07:20:00,6.990015,80.462886,6.99,80.463,6.99_80.463,Motor Cycle,Millagahamula 47/4 Culvert,"6.990015, 80.462886",Excessive Speed,hit a pedestrian,18.5,88,0.0,5.6,7,2,0,0,1,0.39833711262282695
2021-01-04 11:20:00,2021.01.04,11:20:00,6.9924,80.4886,6.992,80.489,6.992_80.489,Three Wheeler,Ginigathena Hospital,"6.9924, 80.4886",Slipped,Skidded on wet road,23.7,85,0.5,8.3,11,0,0,1,0,0.3347763347763348
2021-01-12 12:45:00,2021.01.12,12:45:00,6.9924,80.4886,6.992,80.489,6.992_80.489,Van,Ginigathena Hospital,"6.9924, 80.4886",Slipped,skidded on oil,24.0,85,2.0,5.6,12,1,0,1,0,0.35071806500377933
2021-01-17 20:55:00,2021.01.17,20:55:00,6.978,80.4587,6.978,80.459,6.978_80.459,Van,Laxapana Bata Deka,"6.9780, 80.4587",Excessive Speed,Lost control,21.6,92,0.2,2.4,20,6,1,1,1,0.4256854256854257
2021-01-20 15:00:00,2021.01.20,15:00:00,6.999472,80.490629,6.999,80.491,6.999_80.491,Car / Motor Cycle,Bagathuluwa 11/4 Culvert,"6.999472, 80.490629",,accident,24.3,81,0.0,6.7,15,2,0,0,0,0.35071806500377933
2021-01-25 16:10:00,2021.01.25,16:10:00,6.979184,80.50416,6.979,80.504,6.979_80.504,Car,Kadawala 55/17 Culvert,"6.979184, 80.504160",Excessive Speed,out of control,25.2,65,0.0,6.3,16,0,0,0,1,0.39833711262282695
2021-01-29 16:45:00,2021.01.29,16:45:00,6.977475,80.503988,6.977,80.504,6.977_80.504,Van,Kadawala School,"6.977475, 80.503988",Slipped,out of control,22.8,93,0.8,3.6,16,4,0,1,0,0.35071806500377933
2021-01-30 09:30:00,2021.01.30,09:30:00,6.9913,80.4618,6.991,80.462,6.991_80.462,Car,Millagahamula Bridge,"6.9913, 80.4618",Slipped,Turn over,24.5,73,0.0,3.1,9,5,1,0,0,0.35071806500377933
2021-02-07 13:15:00,2021.02.07,13:15:00,6.995527,80.478718,6.996,80.479,6.996_80.479,Lorry,Rampadeniya 51/9 Culvert,"6.995527, 80.478718",,accident,25.7,82,2.0,4.7,13,6,1,1,0,0.35071806500377933
2021-02-07 21:35:00,2021.02.07,21:35:00,6.996108,80.480103,6.996,80.48,6.996_80.48,Bus,Rampadeniya 51/15 Culvert,"6.996108, 80.480103",Slipped,plunged into ditch,21.7,92,0.0,2.6,21,6,1,0,0,0.35071806500377933
2021-02-12 14:05:00,2021.02.12,14:05:00,6.9984,80.4757,6.998,80.476,6.998_80.476,Bus,Badupola 50km Marker,"6.9984, 80.4757",Excessive Speed,Hit tree,26.4,67,0.0,8.0,14,4,0,0,1,0.4256854256854257
2021-02-20 10:00:00,2021.02.20,10:00:00,6.9942,80.4497,6.994,80.45,6.994_80.45,Lorry,Pitawala Junction,"6.9942, 80.4497",Mechanical Error,brake failure,25.0,78,0.0,7.1,10,5,1,0,0,0.3347763347763348
2021-02-25 17:40:00,2021.02.25,17:40:00,6.9903,80.4352,6.99,80.435,6.99_80.435,Lorry,Miyora Hotel,"6.9903, 80.4352",Slipped,Skidded on oil,25.1,73,0.2,5.4,17,3,0,1,0,0.3347763347763348
2021-03-01 08:00:00,2021.03.01,08:00:00,6.989438,80.492237,6.989,80.492,6.989_80.492,Motor Cycle / Lorry / Three Wheeler,"Hnb Bank, Ginigathena","6.989438, 80.492237",,accident,21.9,72,0.0,2.6,8,0,0,0,0,0.35071806500377933
2021-03-05 15:25:00,2021.03.05,15:25:00,6.9889,80.4921,6.989,80.492,6.989_80.492,Three Wheeler,Ginigathena Market,"6.9889, 80.4921",Excessive Speed,hit a barrier,25.7,71,0.8,7.3,15,4,0,1,1,0.38023088023088025
2021-03-10 10:15:00,2021.03.10,10:15:00,6.9805,80.4823,6.98,80.482,6.98_80.482,Motor Cycle,Weralugashandiya,"6.9805, 80.4823",Excessive Speed,Collision with van,25.1,76,0.0,8.3,10,2,0,0,1,0.4256854256854257
2021-03-18 18:50:00,2021.03.18,18:50:00,7.019,80.4938,7.019,80.494,7.019_80.494,Motor Cycle,Ambagamuwa Temple,"7.0190, 80.4938",Slipped,fell on wet road,22.2,90,0.0,5.7,18,3,0,0,0,0.35071806500377933
2021-03-19 20:40:00,2021.03.19,20:40:00,6.988719,80.494846,6.989,80.495,6.989_80.495,Car,Ginigathena Temple,"6.988719, 80.494846",,hit a man,21.5,93,0.0,3.7,20,4,0,0,0,0.35071806500377933
2021-03-23 19:50:00,2021.03.23,19:50:00,7.0107,80.4921,7.011,80.492,7.011_80.492,Three Wheeler,Bagathuluwa Ceb Office,"7.0107, 80.4921",Slipped,Turn over,21.4,98,0.0,2.4,19,1,0,0,0,0.3347763347763348
2021-04-01 11:15:00,2021.04.01,11:15:00,6.975509,80.507632,6.976,80.508,6.976_80.508,Van,Diyagala 57/11 Culvert,"6.975509, 80.507632",Excessive Speed,collision with lorry,25.2,83,0.1,10.3,11,3,0,0,1,0.39833711262282695
2021-04-03 09:00:00,2021.04.03,09:00:00,6.978074,80.458769,6.978,80.459,6.978_80.459,Car,Laxapana Bata Deka,"6.978074, 80.458769","Slipped, Excessive Speed",hit with a car,24.9,78,0.0,9.2,9,5,1,0,1,0.39833711262282695
2021-04-05 12:25:00,2021.04.05,12:25:00,6.9894,80.4561,6.989,80.456,6.989_80.456,Van,Millagahamula Dinuwara Stores,"6.9894, 80.4561",Excessive Speed,Hit parked car,27.0,68,0.0,5.4,12,0,0,0,1,0.4256854256854257
2021-04-14 16:40:00,2021.04.14,16:40:00,6.989769,80.456101,6.99,80.456,6.99_80.456,Car,Millagahamula 46/11 Culvert,"6.989769, 80.456101",Slipped,lost control,22.8,94,6.1,2.4,16,2,0,1,0,0.35071806500377933
2021-04-18 05:00:00,2021.04.18,05:00:00,6.989,80.494,6.989,80.494,6.989_80.494,Car,Ginigathena Police Station,"6.9890, 80.4940",Slipped,Fell on wet road,22.0,91,0.0,4.7,5,6,1,0,0,0.3347763347763348
2021-04-27 21:05:00,2021.04.27,21:05:00,6.9924,80.4886,6.992,80.489,6.992_80.489,Bus,Ginigathena Hospital,"6.9924, 80.4886",Excessive Speed,hit a pole,21.9,94,0.0,4.1,21,1,0,0,1,0.39833711262282695
2021-05-01 15:35:00,2021.05.01,15:35:00,6.9774,80.5039,6.977,80.504,6.977_80.504,Bus,Kadawala School,"6.9774, 80.5039",Excessive Speed,Hit wall,24.4,91,0.2,2.9,15,5,1,1,1,0.4256854256854257
2021-05-07 12:50:00,2021.05.07,12:50:00,6.977227,80.506114,6.977,80.506,6.977_80.506,Lorry,Diyagala 57/6 Culvert,"6.977227, 80.506114",Slipped,slipped when breaking,25.4,94,0.7,2.9,12,4,0,1,0,0.35071806500377933
2021-05-10 08:30:00,2021.05.10,08:30:00,6.978281,80.505027,6.978,80.505,6.978_80.505,Lorry,Kadawala 55/18 Culvert,"6.978281, 80.505027",Slipped,Turn over,25.0,83,0.0,2.9,8,0,0,0,0,0.35071806500377933
2021-05-14 08:10:00,2021.05.14,08:10:00,6.9919,80.4463,6.992,80.446,6.992_80.446,Lorry,Pitawala Sub Post Office,"6.9919, 80.4463",Slipped,Turn over,23.8,89,1.0,2.0,8,4,0,1,0,0.35071806500377933
2021-05-23 13:55:00,2021.05.23,13:55:00,7.019,80.4938,7.019,80.494,7.019_80.494,Three Wheeler,Ambagamuwa 9/8 Culvert,"7.0190, 80.4938",Excessive Speed,hit a cyclist,24.5,87,0.6,11.6,13,6,1,1,1,0.39833711262282695
2021-05-27 21:45:00,2021.05.27,21:45:00,7.0189,80.4938,7.019,80.494,7.019_80.494,Motor Cycle,Ambagamuwa Temple,"7.0189, 80.4938",Excessive Speed,Collision with bus,21.5,96,1.2,7.7,21,3,0,1,1,0.39833711262282695
2021-06-05 17:20:00,2021.06.05,17:20:00,6.9954,80.4918,6.995,80.492,6.995_80.492,Motor Cycle,Ginigathena Bus Stand,"6.9954, 80.4918",Slipped,skidded on gravel,21.4,95,1.1,10.2,17,5,1,1,0,0.35071806500377933
2021-06-09 14:20:00,2021.06.09,14:20:00,6.9903,80.4908,6.99,80.491,6.99_80.491,Three Wheeler,Green View Hotel,"6.9903, 80.4908",Slipped,Hit pedestrian,23.4,89,1.2,11.7,14,2,0,1,0,0.3347763347763348
2021-06-18 10:45:00,2021.06.18,10:45:00,6.9985,80.4758,6.998,80.476,6.998_80.476,Van,Badupola 50km Marker,"6.9985, 80.4758",Excessive Speed,collision with bike,24.7,86,0.5,9.1,10,4,0,1,1,0.39833711262282695
2021-06-22 07:55:00,2021.06.22,07:55:00,6.978,80.4587,6.978,80.459,6.978_80.459,Van,Laxapana Bata Deka,"6.9780, 80.4587",Excessive Speed,Lost control,22.3,95,0.3,8.5,7,1,0,1,1,0.39833711262282695
2021-07-01 19:10:00,2021.07.01,19:10:00,6.9942,80.4497,6.994,80.45,6.994_80.45,Car,Pitawala Junction,"6.9942, 80.4497",Slipped,lost control,21.8,95,0.1,11.5,19,3,0,0,0,0.35071806500377933
2021-07-05 16:30:00,2021.07.05,16:30:00,7.0,80.4733,7.0,80.473,7.0_80.473,Car,Badupola School,"7.0000, 80.4733",Slipped,Skidded on wet road,24.5,89,0.0,6.5,16,0,0,0,0,0.35071806500377933
2021-07-14 07:35:00,2021.07.14,07:35:00,6.978707,80.503531,6.979,80.504,6.979_80.504,Bus,Diyagala 56/7 Culvert,"6.978707, 80.503531",Excessive Speed,hit a tree,21.7,93,0.1,5.9,7,2,0,0,1,0.39833711262282695
2021-07-18 09:05:00,2021.07.18,09:05:00,6.979471,80.503557,6.979,80.504,6.979_80.504,Bus,Diyagala 57/7 Culvert,"6.979471, 80.503557",Excessive Speed,Hit tree,22.8,92,2.1,7.0,9,6,1,1,1,0.39833711262282695
2021-07-19 11:30:00,2021.07.19,11:30:00,6.990216,80.459145,6.99,80.459,6.99_80.459,Car / Three Wheeler,Millagahamula 46km-47km,"6.990216, 80.459145",Slipped,,24.2,81,0.4,9.4,11,0,0,1,0,0.35071806500377933
2021-07-27 12:00:00,2021.07.27,12:00:00,6.990183,80.464522,6.99,80.465,6.99_80.465,Lorry,Millagahamula 48/8 Culvert,"6.990183, 80.464522",Mechanical Error,engine failure,25.4,77,0.2,12.1,12,1,0,1,0,0.35071806500377933
2021-07-31 22:40:00,2021.07.31,22:40:00,6.991344,80.460638,6.991,80.461,6.991_80.461,Lorry,Millagahamula 48/4 Culvert,"6.991344, 80.460638",Slipped,Turn over,20.9,95,0.0,4.1,22,5,1,0,0,0.3347763347763348
2021-08-02 13:30:00,2021.08.02,13:30:00,7.018978,80.493822,7.019,80.494,7.019_80.494,Three Wheeler / Motor Cycle,Ambagamuwa Temple,"7.018978, 80.493822",Excessive Speed,accident while overtaking,23.4,90,0.6,8.4,13,0,0,1,1,0.39833711262282695
2021-08-09 15:25:00,2021.08.09,15:25:00,6.9889,80.4921,6.989,80.492,6.989_80.492,Three Wheeler,Ginigathena Market,"6.9889, 80.4921",Slipped,Turn over,23.4,87,0.5,8.7,15,0,0,1,0,0.38023088023088025
2021-08-13 15:15:00,2021.08.13,15:15:00,6.9889,80.4921,6.989,80.492,6.989_80.492,Motor Cycle,Ginigathena Market,"6.9889, 80.4921",Excessive Speed,Collision with van,23.8,96,0.3,7.8,15,4,0,1,1,0.4256854256854257
2021-08-22 20:50:00,2021.08.22,20:50:00,6.9775,80.504,6.978,80.504,6.978_80.504,Motor Cycle,Kadawala School,"6.9775, 80.5040",Excessive Speed,hit a pedestrian,20.7,95,0.0,3.6,20,6,1,0,1,0.39833711262282695
2021-08-26 08:50:00,2021.08.26,08:50:00,7.016803,80.492307,7.017,80.492,7.017_80.492,Three Wheeler,Ambagamuwa 9/4 Culvert,"7.016803, 80.492307",Slipped,Skidded on oil,22.1,99,0.2,8.4,8,3,0,1,0,0.35071806500377933
2021-09-08 13:25:00,2021.09.08,13:25:00,6.978646,80.502325,6.979,80.502,6.979_80.502,Van,Kadawala 55/11 Culvert,"6.978646, 80.502325",Excessive Speed,Hit barrier,24.2,84,1.0,9.7,13,2,0,1,1,0.4256854256854257
2021-09-21 18:00:00,2021.09.21,18:00:00,6.997421,80.477024,6.997,80.477,6.997_80.477,Car,Rampadeniya 51/6 Culvert,"6.997421, 80.477024",Slipped,Turn over,21.4,95,0.1,5.1,18,1,0,0,0,0.35071806500377933
2021-09-22 10:00:00,2021.09.22,10:00:00,7.018978,80.493822,7.019,80.494,7.019_80.494,Motor Cycle,Ambagamuwa Temple,"7.018978, 80.493822",Slipped,,24.7,83,0.3,6.6,10,2,0,1,0,0.35071806500377933
2021-10-04 10:35:00,2021.10.04,10:35:00,6.9924,80.4886,6.992,80.489,6.992_80.489,Bus,Ginigathena Hospital,"6.9924, 80.4886",Excessive Speed,Hit ambulance,24.1,92,0.1,9.7,10,0,0,0,1,0.39833711262282695
2021-10-17 19:10:00,2021.10.17,19:10:00,6.999472,80.490629,6.999,80.491,6.999_80.491,Lorry,Bagathuluwa 11/4 Culvert,"6.999472, 80.490629",Mechanical Error,Brake failure,21.4,95,0.0,5.9,19,6,1,0,0,0.3347763347763348
2021-10-25 16:30:00,2021.10.25,16:30:00,6.9918482,80.4571,6.992,80.457,6.992_80.457,Three Wheeler / Lorry,Badupola 50km Marker,"6.9918482, 80.4571",Excessive Speed,hit with a car,22.3,90,0.2,2.8,16,0,0,1,1,0.39833711262282695
2021-10-30 11:45:00,2021.10.30,11:45:00,6.9903,80.4908,6.99,80.491,6.99_80.491,Motor Cycle,Green View Hotel,"6.9903, 80.4908",Slipped,Fell on curve,23.2,94,0.6,3.6,11,5,1,1,0,0.35071806500377933
2021-11-11 06:10:00,2021.11.11,06:10:00,6.999472,80.490629,6.999,80.491,6.999_80.491,Lorry,Bagathuluwa 11/4 Culvert,"6.999472, 80.490629",,out of control,21.2,89,0.0,4.0,6,3,0,0,0,0.35071806500377933
2021-11-12 22:20:00,2021.11.12,22:20:00,7.0189,80.4938,7.019,80.494,7.019_80.494,Three Wheeler,Ambagamuwa Temple,"7.0189, 80.4938",Excessive Speed,Hit cyclist,20.3,95,0.0,5.0,22,4,0,0,1,0.4256854256854257
2021-11-20 03:00:00,2021.11.20,03:00:00,6.989637,80.491742,6.99,80.492,6.99_80.492,Jeep,Arogya Medical Center,"6.989637, 80.491742",,driver fell asleep,20.6,99,0.3,7.5,3,5,1,1,0,0.35071806500377933
2021-11-25 15:55:00,2021.11.25,15:55:00,6.9939,80.4469,6.994,80.447,6.994_80.447,Van,Kithulvila Hotel,"6.9939, 80.4469",Slipped,Turn over,22.2,92,0.2,7.1,15,3,0,1,0,0.3347763347763348
2021-12-08 08:30:00,2021.12.08,08:30:00,6.993788,80.445966,6.994,80.446,6.994_80.446,Car,44km Mark On Ht-colombo Rd,"6.993788, 80.445966",Excessive Speed,Lost control,24.4,71,0.0,4.3,8,2,0,0,1,0.4256854256854257
2021-12-10 11:30:00,2021.12.10,11:30:00,6.996108,80.480098,6.996,80.48,6.996_80.48,Bus / Motor Cycle,Rampadeniya 51/11 Culvert,"6.996108, 80.480098",Excessive Speed,hit a man,26.0,73,0.2,7.8,11,4,0,1,1,0.39833711262282695
2021-12-13 16:30:00,2021.12.13,16:30:00,6.985993,80.496711,6.986,80.497,6.986_80.497,Lorry,800 M From Ginigathena (towards Hatton),"6.985993, 80.496711",,Turn over,22.0,94,7.1,5.1,16,0,0,1,0,0.35071806500377933
2021-12-15 10:20:00,2021.12.15,10:20:00,7.003902,80.489918,7.004,80.49,7.004_80.49,Three Wheeler,Bagathuluwa Temple,"7.003902, 80.489918",,hit with a car,24.4,80,0.1,3.8,10,2,0,0,0,0.35071806500377933
2021-12-21 13:05:00,2021.12.21,13:05:00,6.978656,80.503532,6.979,80.504,6.979_80.504,Bus,Diyagala 57/8 Culvert,"6.978656, 80.503532",Slipped,Skidded on wet road,25.6,80,0.2,4.9,13,1,0,1,0,0.3347763347763348
2022-01-03 16:40:00,2022.01.03,16:40:00,6.994455,80.465674,6.994,80.466,6.994_80.466,Lorry,Ranjurawa 49/4 Culvert,"6.994455, 80.465674",Excessive Speed,Hit electricity pole,23.6,80,1.0,4.1,16,0,0,1,1,0.4256854256854257
2022-01-08 17:45:00,2022.01.08,17:45:00,6.991377,80.461838,6.991,80.462,6.991_80.462,Three Wheeler,Millagahamula Yakada Palama,"6.991377, 80.461838",,out of control,23.9,77,0.2,1.8,17,5,1,1,0,0.35071806500377933
2022-01-10 08:20:00,2022.01.10,08:20:00,6.9889,80.4921,6.989,80.492,6.989_80.492,Three Wheeler,Ginigathena Market,"6.9889, 80.4921",Slipped,Turn over,22.0,85,0.1,2.6,8,0,0,0,0,0.35071806500377933
2022-01-16 09:15:00,2022.01.16,09:15:00,6.9887,80.4948,6.989,80.495,6.989_80.495,Motor Cycle,Ginigathena Temple,"6.9887, 80.4948",Slipped,Fell on wet road,25.3,76,0.0,6.3,9,6,1,0,0,0.35071806500377933
2022-01-17 14:45:00,2022.01.17,14:45:00,6.9913,80.4618,6.991,80.462,6.991_80.462,Bus,Millagahamula Bridge,"6.9913, 80.4618",Excessive Speed,Passenger injured,25.8,77,0.1,5.0,14,0,0,0,1,0.39833711262282695
2022-01-24 18:30:00,2022.01.24,18:30:00,6.9913,80.4618,6.991,80.462,6.991_80.462,Lorry,Millagahamula Bridge,"6.9913, 80.4618",Mechanical Error,Brake failure,22.0,81,0.0,2.8,18,0,0,0,0,0.35071806500377933
2022-01-29 20:50:00,2022.01.29,20:50:00,6.9896,80.4917,6.99,80.492,6.99_80.492,Three Wheeler,Arogya Medical Center,"6.9896, 80.4917",Excessive Speed,Hit pedestrian,21.1,92,0.0,5.6,20,5,1,0,1,0.39833711262282695
2022-01-31 09:15:00,2022.01.31,09:15:00,7.0193,80.4952,7.019,80.495,7.019_80.495,Motor Cycle,Ambagamuwa Hot Roti Store,"7.0193, 80.4952",Excessive Speed,Collision with car,24.7,78,0.1,6.6,9,0,0,0,1,0.39833711262282695
2022-02-06 18:00:00,2022.02.06,18:00:00,6.989637,80.491742,6.99,80.492,6.99_80.492,Van,Arogya Medical Center,"6.989637, 80.491742",,Hit with a three wheeler,22.8,73,0.0,5.4,18,6,1,0,0,0.35071806500377933
2022-02-07 16:30:00,2022.02.07,16:30:00,6.9774,80.5039,6.977,80.504,6.977_80.504,Van,Kadawala Baduyir Hotel,"6.9774, 80.5039",Slipped,Skidded on wet road,25.0,70,0.0,9.1,16,0,0,0,0,0.35071806500377933
2022-02-11 13:25:00,2022.02.11,13:25:00,6.9945,80.4471,6.994,80.447,6.994_80.447,Van,Kalugala Maha Vidyalaya,"6.9945, 80.4471",Slipped,Turn over,24.0,83,3.9,6.1,13,4,0,1,0,0.35071806500377933
2022-02-14 11:20:00,2022.02.14,11:20:00,6.9941,80.4496,6.994,80.45,6.994_80.45,Car,Pitawala Junction,"6.9941, 80.4496",Excessive Speed,Hit pedestrian,26.2,71,0.0,6.7,11,0,0,0,1,0.39833711262282695
2022-02-17 20:30:00,2022.02.17,20:30:00,6.994455,80.465674,6.994,80.466,6.994_80.466,Van,Ranjurawa 49/4 Culvert,"6.994455, 80.465674",Slipped,Turn over,20.5,83,0.0,7.6,20,3,0,0,0,0.35071806500377933
2022-02-21 20:10:00,2022.02.21,20:10:00,7.0039,80.4899,7.004,80.49,7.004_80.49,Three Wheeler,Bagathuluwa Temple,"7.0039, 80.4899",Slipped,Turn over,22.6,91,0.0,3.1,20,0,0,0,0,0.35071806500377933
2022-02-24 06:00:00,2022.02.24,06:00:00,6.989994,80.457293,6.99,80.457,6.99_80.457,Car,Millagahamula 46/12 Culvert,"6.989994, 80.457293",Excessive Speed,Collision with lorry,17.4,90,0.0,3.1,6,3,0,0,1,0.39833711262282695
2022-02-28 08:45:00,2022.02.28,08:45:00,6.977227,80.506114,6.977,80.506,6.977_80.506,Bus,Diyagala 57/6 Culvert,"6.977227, 80.506114",Excessive Speed,Out of control,23.9,63,0.0,1.5,8,0,0,0,1,0.39833711262282695
2022-03-07 13:00:00,2022.03.07,13:00:00,6.994512,80.447164,6.995,80.447,6.995_80.447,Car / Lorry,Kalugala Maha Vidyalaya,"6.994512, 80.447164",Excessive Speed,driver fell asleep,29.1,51,0.0,9.3,13,0,0,0,1,0.39833711262282695
2022-03-07 13:15:00,2022.03.07,13:15:00,6.995527,80.478718,6.996,80.479,6.996_80.479,Lorry,Rampadeniya 51/9 Culvert,"6.995527, 80.478718",Slipped,Plunged into ditch,29.1,51,0.0,9.3,13,0,0,0,0,0.35071806500377933
2022-03-09 14:35:00,2022.03.09,14:35:00,6.9954,80.4918,6.995,80.492,6.995_80.492,Bus,Ginigathena Bus Stand,"6.9954, 80.4918",Slipped,Skidded on oil,30.3,37,0.0,10.9,14,2,0,0,0,0.35071806500377933
2022-03-14 17:50:00,2022.03.14,17:50:00,6.9924,80.4886,6.992,80.489,6.992_80.489,Motor Cycle,Ginigathena Hospital,"6.9924, 80.4886",Excessive Speed,Hit three-wheeler,25.5,70,0.1,5.4,17,0,0,0,1,0.39833711262282695
2022-03-21 10:30:00,2022.03.21,10:30:00,6.9945,80.4471,6.994,80.447,6.994_80.447,Three Wheeler,Kalugala Maha Vidyalaya,"6.9945, 80.4471",Slipped,Turn over,26.1,72,0.0,6.9,10,0,0,0,0,0.35071806500377933
2022-03-22 07:10:00,2022.03.22,07:10:00,6.9985,80.4758,6.998,80.476,6.998_80.476,Lorry,Badupola 50km Marker,"6.9985, 80.4758",Mechanical Error,Engine failure,22.5,82,0.0,6.9,7,1,0,0,0,0.35071806500377933
2022-03-24 16:00:00,2022.03.24,16:00:00,6.994563,80.447144,6.995,80.447,6.995_80.447,Three Wheeler / Cab,Kalugala Maha Vidyalaya,"6.994563, 80.447144",,,24.4,79,0.0,1.9,16,3,0,0,0,0.35071806500377933
2022-03-25 18:40:00,2022.03.25,18:40:00,7.0039,80.4899,7.004,80.49,7.004_80.49,Car / Motor Cycle,Bagathuluwa Temple,"7.0039, 80.4899",,Turn over,22.3,94,0.1,3.6,18,4,0,0,0,0.35071806500377933
2022-03-26 13:20:00,2022.03.26,13:20:00,7.010875,80.490356,7.011,80.49,7.011_80.49,Van / Motor Cycle,Ambagamuwa Samurdi Bank,"7.010875, 80.490356",,,27.5,66,0.0,6.0,13,5,1,0,0,0.35071806500377933
2022-03-26 17:50:00,2022.03.26,17:50:00,6.9928006,80.4519109,6.993,80.452,6.993_80.452,Bus,Pitawala 48/5 Culvert,"6.9928006, 80.4519109",,,24.1,79,0.0,3.4,17,5,1,0,0,0.3068783068783069
2022-03-26 17:50:00,2022.03.26,17:50:00,6.9928006,80.4519109,6.993,80.452,6.993_80.452,Bus,Pitawala 48/5 Culvert,"6.9928006, 80.4519109",,,24.1,79,0.0,3.4,17,5,1,0,0,0.3068783068783069
2022-03-26 17:50:00,2022.03.26,17:50:00,6.9928006,80.4519109,6.993,80.452,6.993_80.452,Bus,Pitawala 48/5 Culvert,"6.9928006, 80.4519109",,,24.1,79,0.0,3.4,17,5,1,0,0,0.3068783068783069
2022-03-26 17:50:00,2022.03.26,17:50:00,6.9928006,80.4519109,6.993,80.452,6.993_80.452,Bus,Pitawala 48/5 Culvert,"6.9928006, 80.4519109",,,24.1,79,0.0,3.4,17,5,1,0,0,0.3068783068783069
2022-03-28 19:20:00,2022.03.28,19:20:00,7.010875,80.490356,7.011,80.49,7.011_80.49,Van,Ambagamuwa Samurdi Bank,"7.010875, 80.490356",Excessive Speed,Collision with bike,22.6,93,0.0,1.4,19,0,0,0,1,0.39833711262282695
2022-04-04 07:45:00,2022.04.04,07:45:00,6.9984,80.4757,6.998,80.476,6.998_80.476,Car,Badupola 50km Marker,"6.9984, 80.4757",Slipped,Skidded on oil,22.5,91,0.0,2.4,7,0,0,0,0,0.35071806500377933
2022-04-04 12:45:00,2022.04.04,12:45:00,7.017119,80.492386,7.017,80.492,7.017_80.492,Motor Cycle,Ambagamuwa 9/5 Culvert,"7.017119, 80.492386",Excessive Speed,Hit three-wheeler,25.7,78,0.4,5.2,12,0,0,1,1,0.4256854256854257
2022-04-11 14:10:00,2022.04.11,14:10:00,6.9693,80.5131,6.969,80.513,6.969_80.513,Bus,Hatton Road 57km,"6.9693, 80.5131",Excessive Speed,Hit barrier,24.1,91,0.3,7.4,14,0,0,1,1,0.39833711262282695
2022-04-17 17:20:00,2022.04.17,17:20:00,6.9889,80.4921,6.989,80.492,6.989_80.492,Three Wheeler,Ginigathena Market,"6.9889, 80.4921",Slipped,Turn over,23.7,81,0.1,4.0,17,6,1,0,0,0.35071806500377933
2022-04-27 01:10:00,2022.04.27,01:10:00,6.9918482,80.4571194,6.992,80.457,6.992_80.457,Car,Millagahamula Wasana Hotel,"6.9918482, 80.4571194",,turn over,21.9,92,0.0,2.2,1,2,0,0,0,0.35071806500377933
2022-04-30 10:55:00,2022.04.30,10:55:00,6.976911,80.50359,6.977,80.504,6.977_80.504,Van,Diyagala 56/2 Culvert,"6.976911, 80.503590",Excessive Speed,Lost control,25.8,79,0.3,6.2,10,5,1,1,1,0.4256854256854257
2022-05-13 21:30:00,2022.05.13,21:30:00,6.9961,80.48,6.996,80.48,6.996_80.48,Car,Rampadeniya 51/11 Culvert,"6.9961, 80.4800",Slipped,Skidded on gravel,21.2,100,3.7,9.3,21,4,0,1,0,0.35071806500377933
2022-05-26 14:05:00,2022.05.26,14:05:00,6.977741,80.503269,6.978,80.503,6.978_80.503,Bus,Kadawala 55/13 Culvert,"6.977741, 80.503269",Excessive Speed,Hit tree,23.8,89,1.1,13.3,14,3,0,1,1,0.4256854256854257
2022-06-08 07:40:00,2022.06.08,07:40:00,6.9918,80.4571,6.992,80.457,6.992_80.457,Lorry,Millagahamula Wasana Hotel,"6.9918, 80.4571",Slipped,Turn over,22.3,91,0.1,7.7,7,2,0,0,0,0.35071806500377933
2022-06-21 16:15:00,2022.06.21,16:15:00,7.010875,80.490356,7.011,80.49,7.011_80.49,Motor Cycle,Ambagamuwa Samurdi Bank,"7.010875, 80.490356",Excessive Speed,Collision with car,22.8,83,0.4,6.9,16,1,0,1,1,0.39833711262282695
2022-06-22 15:50:00,2022.06.22,15:50:00,6.997421,80.477024,6.997,80.477,6.997_80.477,Motor Cycle,Rampadeniya 51/6 Culvert,"6.997421, 80.477024",,turn over,24.1,80,0.2,9.2,15,2,0,1,0,0.35071806500377933
2022-07-04 09:50:00,2022.07.04,09:50:00,6.989,80.494,6.989,80.494,6.989_80.494,Three Wheeler,Ginigathena Police Station,"6.9890, 80.4940",Slipped,Fell on wet road,23.9,80,0.0,10.7,9,0,0,0,0,0.3347763347763348
2022-07-17 22:25:00,2022.07.17,22:25:00,6.9941,80.4496,6.994,80.45,6.994_80.45,Van,Pitawala Junction,"6.9941, 80.4496",Excessive Speed,Hit barrier,21.6,98,0.1,5.6,22,6,1,0,1,0.4256854256854257
2022-07-30 15:00:00,2022.07.30,15:00:00,6.955723,80.527169,6.956,80.527,6.956_80.527,Car,Diyagala 57/9 Culvert,"6.955723, 80.527169",Slipped,Skidded on oil,22.4,96,0.9,3.9,15,5,1,1,0,0.3347763347763348
2022-08-12 08:35:00,2022.08.12,08:35:00,7.0039,80.4899,7.004,80.49,7.004_80.49,Bus,Bagathuluwa Temple,"7.0039, 80.4899",Excessive Speed,Hit wall,23.7,85,0.1,6.4,8,4,0,0,1,0.4256854256854257
2022-08-25 13:10:00,2022.08.25,13:10:00,7.0193,80.4952,7.019,80.495,7.019_80.495,Lorry,Ambagamuwa Hot Roti Store,"7.0193, 80.4952",Slipped,Turn over,23.3,83,1.0,10.9,13,3,0,1,0,0.3347763347763348
2022-08-26 12:30:00,2022.08.26,12:30:00,7.018978,80.493822,7.019,80.494,7.019_80.494,Van,Ambagamuwa Temple,"7.018978, 80.493822",Slipped,,22.7,90,2.6,10.3,12,4,0,1,0,0.35071806500377933
2022-08-29 17:00:00,2022.08.29,17:00:00,6.998065,80.467209,6.998,80.467,6.998_80.467,Lorry,Ranjurawa Jeewani Motors,"6.998065, 80.467209",,Turn over,22.4,92,0.2,7.9,17,0,0,1,0,0.35071806500377933
2022-09-07 18:45:00,2022.09.07,18:45:00,6.9774,80.5039,6.977,80.504,6.977_80.504,Motor Cycle,Kadawala Baduyir Hotel,"6.9774, 80.5039",Excessive Speed,Collision with three-wheeler,21.1,94,0.3,6.6,18,2,0,1,1,0.4256854256854257
2022-09-13 18:40:00,2022.09.13,18:40:00,6.989637,80.491742,6.99,80.492,6.99_80.492,Motor Cycle,Arogya Medical Center,"6.989637, 80.491742",,Turn over,22.0,97,0.1,4.6,18,1,0,0,0,0.35071806500377933
2022-09-20 11:20:00,2022.09.20,11:20:00,6.9924,80.4886,6.992,80.489,6.992_80.489,Three Wheeler,Ginigathena Hospital,"6.9924, 80.4886",Slipped,Skidded on wet road,24.2,85,0.7,10.4,11,1,0,1,0,0.3347763347763348
2022-09-23 05:30:00,2022.09.23,05:30:00,6.977741,80.503269,6.978,80.503,6.978_80.503,Lorry,Kadawala 55/13 Culvert,"6.977741, 80.503269",,Turn over,19.8,95,0.0,4.7,5,4,0,0,0,0.35071806500377933
2022-09-25 19:30:00,2022.09.25,19:30:00,7.016803,80.492307,7.017,80.492,7.017_80.492,Cab / Car / Three Wheeler,Ambagamuwa 9/4 Culvert,"7.016803, 80.492307",,,21.5,93,1.4,2.3,19,6,1,1,0,0.35071806500377933
2022-10-03 20:55:00,2022.10.03,20:55:00,6.978,80.4587,6.978,80.459,6.978_80.459,Van,Laxapana Bata Deka,"6.9780, 80.4587",Excessive Speed,Lost control,20.7,98,0.6,6.4,20,0,0,1,1,0.4256854256854257
2022-10-16 09:30:00,2022.10.16,09:30:00,6.9913,80.4618,6.991,80.462,6.991_80.462,Car,Millagahamula Bridge,"6.9913, 80.4618",Slipped,Turn over,23.7,87,0.3,9.8,9,6,1,1,0,0.35071806500377933
2022-10-22 10:30:00,2022.10.22,10:30:00,6.989214,80.492826,6.989,80.493,6.989_80.493,Three Wheeler,Anura Hardware,"6.989214, 80.492826",Excessive Speed,hit a child,23.8,81,0.2,5.4,10,5,1,1,1,0.39833711262282695
2022-10-23 15:50:00,2022.10.23,15:50:00,7.019383,80.497491,7.019,80.497,7.019_80.497,Car,Ambagamuwa 9/9 Culvert,"7.019383, 80.497491",Slipped,,21.5,96,1.9,6.8,15,6,1,1,0,0.35071806500377933
2022-10-26 21:45:00,2022.10.26,21:45:00,6.9928006,80.4519109,6.993,80.452,6.993_80.452,Lorry,Pitawala 48/5 Culvert,"6.9928006, 80.4519109",Slipped,plunged into a precipice,22.2,83,0.0,3.2,21,2,0,0,0,0.35071806500377933
2022-10-27 20:30:00,2022.10.27,20:30:00,6.9903,80.4352,6.99,80.435,6.99_80.435,Lorry,Miyora Hotel,"6.9903, 80.4352",Slipped,accident,20.5,95,0.0,4.0,20,3,0,0,0,0.35071806500377933
2022-10-29 14:05:00,2022.10.29,14:05:00,6.9984,80.4757,6.998,80.476,6.998_80.476,Bus,Badupola 50km Marker,"6.9984, 80.4757",Excessive Speed,Hit tree,25.3,74,0.1,5.8,14,5,1,0,1,0.4256854256854257
2022-11-03 12:50:00,2022.11.03,12:50:00,7.020793,80.498404,7.021,80.498,7.021_80.498,Bus,Ambagamuwa (sellipiya),"7.020793, 80.498404",Excessive Speed,hit a woman,23.2,84,0.8,7.5,12,3,0,1,1,0.39833711262282695
2022-11-08 15:30:00,2022.11.08,15:30:00,6.9903,80.4352,6.99,80.435,6.99_80.435,Three Wheeler,Miyora Hotel,"6.9903, 80.4352",Excessive Speed,accident,22.5,88,1.4,1.8,15,1,0,1,1,0.39833711262282695
2022-11-11 17:40:00,2022.11.11,17:40:00,6.9903,80.4352,6.99,80.435,6.99_80.435,Lorry,Miyora Hotel,"6.9903, 80.4352",Slipped,Skidded on oil,20.5,98,3.6,0.5,17,4,0,1,0,0.3347763347763348
2022-11-15 15:30:00,2022.11.15,15:30:00,6.989994,80.457293,6.99,80.457,6.99_80.457,Three Wheeler / Bike,Millagahamula 46/12 Culvert,"6.989994, 80.457293",,accident,24.1,80,0.1,1.0,15,1,0,0,0,0.35071806500377933
2022-11-24 10:15:00,2022.11.24,10:15:00,6.9805,80.4823,6.98,80.482,6.98_80.482,Motor Cycle,Weralugashandiya,"6.9805, 80.4823",Excessive Speed,Collision with van,24.3,75,0.0,8.0,10,3,0,0,1,0.4256854256854257
2022-11-26 23:00:00,2022.11.26,23:00:00,6.992447,80.465114,6.992,80.465,6.992_80.465,Three Wheeler,Santhusha Traders,"6.992447, 80.465114",,turn over,19.3,92,0.0,1.9,23,5,1,0,0,0.35071806500377933
2022-12-07 16:45:00,2022.12.07,16:45:00,6.996108,80.480098,6.996,80.48,6.996_80.48,Three Wheeler,Rampadeniya 51/11 Culvert,"6.996108, 80.480098",Excessive Speed,accident,21.4,87,0.0,2.6,16,2,0,0,1,0.39833711262282695
2022-12-07 19:50:00,2022.12.07,19:50:00,7.0107,80.4921,7.011,80.492,7.011_80.492,Three Wheeler,Bagathuluwa Ceb Office,"7.0107, 80.4921",Slipped,Turn over,19.4,72,0.0,4.5,19,2,0,0,0,0.3347763347763348
2022-12-20 12:25:00,2022.12.20,12:25:00,6.9894,80.4561,6.989,80.456,6.989_80.456,Van,Millagahamula Dinuwara Stores,"6.9894, 80.4561",Excessive Speed,Hit parked car,26.5,69,0.0,7.2,12,1,0,0,1,0.4256854256854257
2023-01-02 05:00:00,2023.01.02,05:00:00,6.989,80.494,6.989,80.494,6.989_80.494,Car,Ginigathena Police Station,"6.9890, 80.4940",Slipped,Fell on wet road,12.5,83,0.0,5.2,5,0,0,0,0,0.3347763347763348
2023-01-15 15:35:00,2023.01.15,15:35:00,6.9774,80.5039,6.977,80.504,6.977_80.504,Bus,Kadawala School,"6.9774, 80.5039",Excessive Speed,Hit wall,23.5,78,0.4,1.8,15,6,1,1,1,0.4256854256854257
2023-01-26 05:30:00,2023.01.26,05:30:00,6.993847,80.48403,6.994,80.484,6.994_80.484,Lorry,Badupola 48km-49km,"6.993847, 80.484030",,,18.2,82,0.0,2.1,5,3,0,0,0,0.35071806500377933
2023-01-28 08:10:00,2023.01.28,08:10:00,6.9919,80.4463,6.992,80.446,6.992_80.446,Lorry,Pitawala Sub Post Office,"6.9919, 80.4463",Slipped,Turn over,23.1,72,0.0,1.8,8,5,1,0,0,0.35071806500377933
2023-02-05 05:30:00,2023.02.05,05:30:00,7.019305,80.4952,7.019,80.495,7.019_80.495,Three Wheeler / Van,Ginigathena-n.pitiy Rd #58/3 Culvert,"7.019305, 80.4952","Slipped, Excessive Speed",hit a child,20.9,87,0.0,5.4,5,6,1,0,1,0.39833711262282695
2023-02-07 11:00:00,2023.02.07,11:00:00,6.996714,80.465916,6.997,80.466,6.997_80.466,Three Wheeler,Horakada Rd,"6.996714, 80.465916",Slipped,,23.7,90,1.2,6.5,11,1,0,1,0,0.35071806500377933
2023-02-10 21:45:00,2023.02.10,21:45:00,7.0189,80.4938,7.019,80.494,7.019_80.494,Motor Cycle,Ambagamuwa Temple,"7.0189, 80.4938",Excessive Speed,Collision with bus,19.5,86,0.0,3.4,21,4,0,0,1,0.39833711262282695
2023-02-16 13:30:00,2023.02.16,13:30:00,6.984194,80.500233,6.984,80.5,6.984_80.5,Bus,Minelium Vine Store,"6.984194, 80.500233",,accident,25.5,68,0.0,9.1,13,3,0,0,0,0.35071806500377933
2023-02-23 14:20:00,2023.02.23,14:20:00,6.9903,80.4908,6.99,80.491,6.99_80.491,Three Wheeler,Green View Hotel,"6.9903, 80.4908",Slipped,Hit pedestrian,25.1,72,0.2,4.7,14,3,0,1,0,0.3347763347763348
2023-02-26 14:45:00,2023.02.26,14:45:00,6.988719,80.494846,6.989,80.495,6.989_80.495,Motor Cycle,Ginigathena Temple,"6.988719, 80.494846",,hit a man,25.6,71,0.0,9.4,14,6,1,0,0,0.35071806500377933
2023-03-05 14:10:00,2023.03.05,14:10:00,7.019318,80.49715,7.019,80.497,7.019_80.497,Three Wheeler,6km From Ginigathena (towards Nawalapitiya),"7.019318, 80.497150",,accident,24.5,83,0.6,8.6,14,6,1,1,0,0.35071806500377933
2023-03-08 07:55:00,2023.03.08,07:55:00,6.978,80.4587,6.978,80.459,6.978_80.459,Van,Laxapana Bata Deka,"6.9780, 80.4587",Excessive Speed,Lost control,19.1,91,0.0,4.6,7,2,0,0,1,0.39833711262282695
2023-03-21 15:30:00,2023.03.21,15:30:00,6.979471,80.503557,6.979,80.504,6.979_80.504,Cab / Bus,Diyagala 57/7 Culvert,"6.979471, 80.503557",,accident,26.0,79,0.0,3.3,15,1,0,0,0,0.35071806500377933
2023-03-21 16:30:00,2023.03.21,16:30:00,7.0,80.4733,7.0,80.473,7.0_80.473,Car,Badupola School,"7.0000, 80.4733",Slipped,Skidded on wet road,22.9,87,2.7,5.9,16,1,0,1,0,0.35071806500377933
2023-03-30 10:30:00,2023.03.30,10:30:00,6.993878,80.485952,6.994,80.486,6.994_80.486,Lorry,Kenilworth State,"6.993878, 80.485952",Slipped,Turn over,26.2,76,0.0,6.1,10,3,0,0,0,0.35071806500377933
2023-04-03 09:05:00,2023.04.03,09:05:00,6.979471,80.503557,6.979,80.504,6.979_80.504,Bus,Diyagala 57/7 Culvert,"6.979471, 80.503557",Excessive Speed,Hit tree,25.3,79,0.0,4.0,9,0,0,0,1,0.39833711262282695
2023-04-03 09:45:00,2023.04.03,09:45:00,6.992298,80.454162,6.992,80.454,6.992_80.454,Three Wheeler,Pareyiyagala,"6.992298, 80.454162",Slipped,accident,25.3,79,0.0,4.0,9,0,0,0,0,0.3347763347763348
2023-04-09 11:30:00,2023.04.09,11:30:00,6.984348,80.498364,6.984,80.498,6.984_80.498,Three Wheeler / Van,Ag Office,"6.984348, 80.498364",,accident,26.3,73,0.1,8.3,11,6,1,0,0,0.35071806500377933
2023-04-16 22:40:00,2023.04.16,22:40:00,6.991344,80.460638,6.991,80.461,6.991_80.461,Lorry,Millagahamula 48/4 Culvert,"6.991344, 80.460638",Slipped,Turn over,20.6,91,0.0,2.7,22,6,1,0,0,0.3347763347763348
2023-04-21 16:00:00,2023.04.21,16:00:00,6.976911,80.50359,6.977,80.504,6.977_80.504,Bus,Diyagala 56/2 Culvert,"6.976911, 80.503590",Slipped,accident,24.9,83,0.1,8.9,16,4,0,0,0,0.35071806500377933
2023-04-29 15:15:00,2023.04.29,15:15:00,6.9889,80.4921,6.989,80.492,6.989_80.492,Motor Cycle,Ginigathena Market,"6.9889, 80.4921",Excessive Speed,Collision with van,23.3,92,0.4,5.1,15,5,1,1,1,0.4256854256854257
2023-05-12 08:50:00,2023.05.12,08:50:00,7.016803,80.492307,7.017,80.492,7.017_80.492,Three Wheeler,Ambagamuwa 9/4 Culvert,"7.016803, 80.492307",Slipped,Skidded on oil,23.6,92,0.1,11.0,8,4,0,0,0,0.35071806500377933
2023-05-25 13:25:00,2023.05.25,13:25:00,6.978646,80.502325,6.979,80.502,6.979_80.502,Van,Kadawala 55/11 Culvert,"6.978646, 80.502325",Excessive Speed,Hit barrier,26.1,81,1.0,10.9,13,3,0,1,1,0.4256854256854257
2023-06-06 11:10:00,2023.06.06,11:10:00,6.993878,80.485952,6.994,80.486,6.994_80.486,Three Wheeler,Kenilworth State,"6.993878, 80.485952",,hit a man,24.8,94,0.2,11.7,11,1,0,1,0,0.35071806500377933
2023-06-07 18:00:00,2023.06.07,18:00:00,6.997421,80.477024,6.997,80.477,6.997_80.477,Car,Rampadeniya 51/6 Culvert,"6.997421, 80.477024",Slipped,Turn over,22.0,98,0.2,4.8,18,2,0,1,0,0.35071806500377933
2023-06-13 07:20:00,2023.06.13,07:20:00,6.971698,80.511317,6.972,80.511,6.972_80.511,Three Wheeler,Kadawala 56/3 Culvert,"6.971698, 80.511317",Slipped,out of control,23.4,90,0.0,9.2,7,1,0,0,0,0.35071806500377933
2023-06-20 10:35:00,2023.06.20,10:35:00,6.9924,80.4886,6.992,80.489,6.992_80.489,Bus,Ginigathena Hospital,"6.9924, 80.4886",Excessive Speed,Hit ambulance,24.8,87,0.2,12.5,10,1,0,1,1,0.39833711262282695
2023-07-03 16:50:00,2023.07.03,16:50:00,6.978646,80.502325,6.979,80.502,6.979_80.502,Three Wheeler,Kadawala 55/11 Culvert,"6.978646, 80.502325",Excessive Speed,plunged into a precipice,22.9,91,1.5,5.9,16,0,0,1,1,0.39833711262282695
2023-07-03 19:10:00,2023.07.03,19:10:00,6.999472,80.490629,6.999,80.491,6.999_80.491,Lorry,Bagathuluwa 11/4 Culvert,"6.999472, 80.490629",Mechanical Error,Brake failure,21.1,93,0.0,4.4,19,0,0,0,0,0.3347763347763348
2023-07-09 17:00:00,2023.07.09,17:00:00,6.996191,80.465492,6.996,80.465,6.996_80.465,Three Wheeler,Ranjurawa 49km,"6.996191, 80.465492",Slipped,Turn over,22.9,87,0.2,6.4,17,6,1,1,0,0.35071806500377933
2023-07-16 11:45:00,2023.07.16,11:45:00,6.9693,80.5131,6.969,80.513,6.969_80.513,Motor Cycle,Hatton Road 57km,"6.9693, 80.5131",Slipped,Fell on curve,25.0,85,0.4,11.9,11,6,1,1,0,0.35071806500377933
2023-07-28 14:31:00,2023.07.28,14:31:00,6.997515,80.466968,6.998,80.467,6.998_80.467,Three Wheeler,Ranjurawa Samantha Garaj,"6.997515, 80.466968",Slipped,Turn over,26.1,78,0.1,11.3,14,4,0,0,0,0.35071806500377933
2023-07-29 22:20:00,2023.07.29,22:20:00,7.0189,80.4938,7.019,80.494,7.019_80.494,Three Wheeler,Ambagamuwa Temple,"7.0189, 80.4938",Excessive Speed,Hit cyclist,21.3,93,0.0,4.8,22,5,1,0,1,0.4256854256854257
2023-08-03 20:25:00,2023.08.03,20:25:00,6.976987,80.503231,6.977,80.503,6.977_80.503,Three Wheeler,Diyagala 55km,"6.976987, 80.503231",,hit a man,22.2,95,0.1,5.2,20,3,0,0,0,0.35071806500377933
2023-08-11 15:55:00,2023.08.11,15:55:00,6.9939,80.4469,6.994,80.447,6.994_80.447,Van,Kithulvila Hotel,"6.9939, 80.4469",Slipped,Turn over,24.4,81,2.0,7.7,15,4,0,1,0,0.3347763347763348
2023-08-24 08:30:00,2023.08.24,08:30:00,6.993788,80.445966,6.994,80.446,6.994_80.446,Car,44km Mark On Ht-colombo Rd,"6.993788, 80.445966",Excessive Speed,Lost control,24.1,80,0.0,8.4,8,3,0,0,1,0.4256854256854257
2023-09-06 13:05:00,2023.09.06,13:05:00,6.978656,80.503532,6.979,80.504,6.979_80.504,Bus,Diyagala 57/8 Culvert,"6.978656, 80.503532",Slipped,Skidded on wet road,23.0,91,0.8,12.6,13,2,0,1,0,0.3347763347763348
2023-09-19 16:40:00,2023.09.19,16:40:00,6.994455,80.465674,6.994,80.466,6.994_80.466,Lorry,Ranjurawa 49/4 Culvert,"6.994455, 80.465674",Excessive Speed,Hit electricity pole,22.4,96,0.2,6.1,16,1,0,1,1,0.4256854256854257
2023-09-21 13:50:00,2023.09.21,13:50:00,7.018978,80.493822,7.019,80.494,7.019_80.494,Car / Lorry,Ambagamuwa Temple,"7.018978, 80.493822",,accident,26.1,75,0.4,10.8,13,3,0,1,0,0.35071806500377933
2023-09-27 13:10:00,2023.09.27,13:10:00,6.994179,80.44967,6.994,80.45,6.994_80.45,Motor Cycle,Pitawala Junction,"6.994179, 80.449670",Slipped,slipped due to rain,22.3,93,3.2,11.6,13,2,0,1,0,0.35071806500377933
2023-10-02 09:15:00,2023.10.02,09:15:00,6.9887,80.4948,6.989,80.495,6.989_80.495,Motor Cycle,Ginigathena Temple,"6.9887, 80.4948",Slipped,Fell on wet road,24.7,82,0.3,10.7,9,0,0,1,0,0.35071806500377933
2023-11-06 12:40:00,2023.11.06,12:40:00,6.992444,80.488624,6.992,80.489,6.992_80.489,Bus,Ginigathena Hospital,"6.992444, 80.488624",Slipped,bus sliiped and hit a lorry,23.3,97,1.8,1.8,12,0,0,1,0,0.38023088023088025
2023-11-15 12:30:00,2023.11.15,12:30:00,6.991582,80.456975,6.992,80.457,6.992_80.457,Three Wheeler,Millagahamula 46/14 Culvert,"6.991582, 80.456975",Slipped,Turn over,25.0,88,0.1,6.6,12,2,0,0,0,0.35071806500377933
2023-11-19 14:00:00,2023.11.19,14:00:00,6.961928,80.505522,6.962,80.506,6.962_80.506,Three Wheeler,Ambathalawa,"6.961928, 80.505522",,Turn over,22.8,96,9.8,6.3,14,6,1,1,0,0.35071806500377933
2023-11-22 19:45:00,2023.11.22,19:45:00,6.9924,80.4886,6.992,80.489,6.992_80.489,Bus,Ginigathena Hospital,"6.9924, 80.4886",Excessive Speed,hit pole,21.7,100,1.2,5.8,19,2,0,1,1,0.39833711262282695
2023-11-29 07:20:00,2023.11.29,07:20:00,6.977947,80.505462,6.978,80.505,6.978_80.505,Lorry,Kadawala 55/19 Culvert,"6.977947, 80.505462",Mechanical Error,engine failure,21.5,91,0.0,3.6,7,2,0,0,0,0.35071806500377933
2023-12-06 14:35:00,2023.12.06,14:35:00,7.0189,80.4938,7.019,80.494,7.019_80.494,Motor Cycle,Ambagamuwa Temple,"7.0189, 80.4938",Slipped,fell on curve,24.8,89,0.2,7.6,14,2,0,1,0,0.35071806500377933
2023-12-13 21:00:00,2023.12.13,21:00:00,6.979536,80.503648,6.98,80.504,6.98_80.504,Van,Diyagala 56/8 Culvert,"6.979536, 80.503648",Excessive Speed,collision with lorry,22.3,91,0.0,1.6,21,2,0,0,1,0.39833711262282695
2023-12-18 13:25:00,2023.12.18,13:25:00,6.9924,80.4886,6.992,80.489,6.992_80.489,Three Wheeler,Ginigathena Hospital,"6.9924, 80.4886",Excessive Speed,hit pedestrian,24.2,91,8.8,5.4,13,0,0,1,1,0.39833711262282695
2023-12-20 09:25:00,2023.12.20,09:25:00,6.9941,80.4496,6.994,80.45,6.994_80.45,Car,Pitawala Junction,"6.9941, 80.4496",Slipped,lost control,24.9,84,0.0,5.7,9,2,0,0,0,0.35071806500377933
2023-12-22 08:50:00,2023.12.22,08:50:00,7.0189,80.4938,7.019,80.494,7.019_80.494,Bus,Ambagamuwa Temple,"7.0189, 80.4938",Slipped,skidded on rain,24.1,77,0.0,5.4,8,4,0,0,0,0.35071806500377933
2023-12-27 16:50:00,2023.12.27,16:50:00,6.9954,80.4918,6.995,80.492,6.995_80.492,Three Wheeler,Ginigathena Bus Stand,"6.9954, 80.4918",Excessive Speed,hit pedestrian,25.4,82,0.0,5.6,16,2,0,0,1,0.39833711262282695
2023-12-28 16:15:00,2023.12.28,16:15:00,6.977426,80.506014,6.977,80.506,6.977_80.506,Lorry,Kadawala 55/20 Culvert,"6.977426, 80.506014",Mechanical Failure,brake failure,24.2,87,2.9,4.0,16,3,0,1,0,0.35071806500377933
2024-01-01 07:30:00,2024.01.01,07:30:00,6.990389,80.490848,6.99,80.491,6.99_80.491,Three Wheeler / Motor Cycle,Green View Hotel,"6.990389, 80.490848",,accident,22.6,85,0.0,4.1,7,0,0,0,0,0.35071806500377933
2024-01-26 12:20:00,2024.01.26,12:20:00,6.990621,80.465391,6.991,80.465,6.991_80.465,Van,Hotel Breetas Garden,"6.990621, 80.465391",,Turn over,26.5,66,0.0,6.0,12,4,0,0,0,0.35071806500377933
2024-02-04 15:00:00,2024.02.04,15:00:00,6.9894,80.4561,6.989,80.456,6.989_80.456,Three Wheeler,Millagahamula Dinuwara Stores,"6.9894, 80.4561",,Turn over,25.3,82,0.3,6.9,15,6,1,1,0,0.35071806500377933
2024-02-18 11:50:00,2024.02.18,11:50:00,6.98948,80.464919,6.989,80.465,6.989_80.465,Bus / Van,Millagahamula 48km,"6.989480, 80.464919",,accident,27.4,69,0.0,10.1,11,6,1,0,0,0.35071806500377933
2024-02-26 08:10:00,2024.02.26,08:10:00,6.994681,80.483887,6.995,80.484,6.995_80.484,Three Wheeler,Kadawalawaththa Kovil,"6.994681, 80.483887",,accident,24.3,73,0.0,3.5,8,0,0,0,0,0.35071806500377933
2024-03-05 10:00:00,2024.03.05,10:00:00,6.992187,80.487858,6.992,80.488,6.992_80.488,Bus / Motor Cycle,Ginigathena - Avissawella 48km-49km,"6.992187, 80.487858",,accident,28.0,51,0.0,7.4,10,1,0,0,0,0.35071806500377933
2024-03-08 23:45:00,2024.03.08,23:45:00,7.006447,80.488581,7.006,80.489,7.006_80.489,Three Wheeler,Ambagamuwa South,"7.006447, 80.488581",,Turn over,21.0,86,0.0,3.3,23,4,0,0,0,0.35071806500377933
2024-03-09 19:30:00,2024.03.09,19:30:00,6.992444,80.488624,6.992,80.489,6.992_80.489,Three Wheeer,Ginigathena Hospital,"6.992444, 80.488624",,Turn over,22.9,93,0.0,3.8,19,5,1,0,0,0.35071806500377933
2024-03-16 10:00:00,2024.03.16,10:00:00,6.992444,80.488624,6.992,80.489,6.992_80.489,Three Wheeler,Ginigathena Hospital,"6.992444, 80.488624",,hit a man,29.1,51,0.0,5.9,10,5,1,0,0,0.35071806500377933
2024-04-01 07:30:00,2024.04.01,07:30:00,6.997281,80.466712,6.997,80.467,6.997_80.467,Lorry / Three Wheeler,Ranjurawa Prashan Hotel,"6.997281, 80.466712",,accident,23.2,86,0.0,4.5,7,0,0,0,0,0.35071806500377933
2024-04-03 09:45:00,2024.04.03,09:45:00,6.992298,80.454162,6.992,80.454,6.992_80.454,Three Wheeler,Pareyiyagala,"6.992298, 80.454162",Slipped,accident,26.6,76,0.0,5.2,9,2,0,0,0,0.3347763347763348
2024-04-06 10:30:00,2024.04.06,10:30:00,6.977475,80.503988,6.977,80.504,6.977_80.504,Three Wheeler,Kadawala School,"6.977475, 80.503988",,hit a woman,28.2,64,0.0,6.1,10,5,1,0,0,0.35071806500377933
2024-04-08 12:00:00,2024.04.08,12:00:00,6.9954,80.4918,6.995,80.492,6.995_80.492,Motor Cycle,Ginigathena Bus Stand,"6.9954, 80.4918",,hit a man,29.8,56,0.5,6.8,12,0,0,1,0,0.3347763347763348
2024-04-09 13:55:00,2024.04.09,13:55:00,6.9805,80.4823,6.98,80.482,6.98_80.482,Lorry / Three Wheeler,Weralugashandiya,"6.9805, 80.4823",,accident,31.6,36,0.0,9.7,13,1,0,0,0,0.35071806500377933
2024-04-17 11:30:00,2024.04.17,11:30:00,6.996422,80.465544,6.996,80.466,6.996_80.466,Lorry / Three Wheeler,Hathlaha- Ginigathena Rd,"6.996422, 80.465544",,accident,28.3,68,0.1,5.1,11,2,0,0,0,0.35071806500377933
2024-04-19 10:10:00,2024.04.19,10:10:00,6.988917,80.49443,6.989,80.494,6.989_80.494,Motor Cycle,"Pedestrian Cross, Peoples Bank, Ginigathena","6.988917, 80.494430",Excessive Speed,hit a woman,27.9,70,0.0,5.4,10,4,0,0,1,0.39833711262282695
2024-04-28 15:50:00,2024.04.28,15:50:00,6.978646,80.502325,6.979,80.502,6.979_80.502,Three Wheeler,Kadawala 55/11 Culvert,"6.978646, 80.502325",,Turn over,26.1,84,0.1,7.4,15,6,1,0,0,0.35071806500377933
2024-05-11 15:45:00,2024.05.11,15:45:00,6.971698,80.511317,6.972,80.511,6.972_80.511,Car / Three Wheeler,Kadawala 56/3 Culvert,"6.971698, 80.511317",,accident,25.3,80,2.8,5.4,15,5,1,1,0,0.35071806500377933
2024-05-17 09:00:00,2024.05.17,09:00:00,6.9984,80.4757,6.998,80.476,6.998_80.476,Three Wheel,Badupola 50km Marker,"6.9984, 80.4757",Excessive Speed,hit a electricity tower and turn over,26.5,76,0.0,9.5,9,4,0,0,1,0.39833711262282695
2024-06-11 07:30:00,2024.06.11,07:30:00,6.955723,80.527169,6.956,80.527,6.956_80.527,Bus / Van,Diyagala 57/9 Culvert,"6.955723, 80.527169",,accident,22.8,94,0.3,11.4,7,1,0,1,0,0.35071806500377933
2024-07-08 23:00:00,2024.07.08,23:00:00,6.987879,80.496028,6.988,80.496,6.988_80.496,Three Wheeler / Lorry,54/3 Kovil,"6.987879, 80.496028",,accident,21.3,93,0.1,3.5,23,0,0,0,0,0.35071806500377933
2024-08-04 15:30:00,2024.08.04,15:30:00,7.019305,80.4952,7.019,80.495,7.019_80.495,Bus / Motor Cycle,Ginigathena-n.pitiy Rd #58/3 Culvert,"7.019305, 80.4952",,accident,24.3,88,0.1,6.8,15,6,1,0,0,0.35071806500377933
2024-08-16 12:30:00,2024.08.16,12:30:00,6.9954,80.4918,6.995,80.492,6.995_80.492,Motor Cycle,Ginigathena Bus Stand,"6.9954, 80.4918",,Turn over,23.9,94,2.0,11.8,12,4,0,1,0,0.3347763347763348
2024-08-16 15:30:00,2024.08.16,15:30:00,7.018525,80.494427,7.019,80.494,7.019_80.494,Bus / Three Wheeler,Ginigathena-n.pitiy Rd #11,"7.018525, 80.494427",,accident,23.4,94,0.5,10.0,15,4,0,1,0,0.3068783068783069
2024-08-16 15:30:00,2024.08.16,15:30:00,7.018525,80.494427,7.019,80.494,7.019_80.494,Bus / Three Wheeler,Ginigathena-n.pitiy Rd #11,"7.018525, 80.494427",,accident,23.4,94,0.5,10.0,15,4,0,1,0,0.3068783068783069
2024-08-16 15:30:00,2024.08.16,15:30:00,7.018525,80.494427,7.019,80.494,7.019_80.494,Bus / Three Wheeler,Ginigathena-n.pitiy Rd #11,"7.018525, 80.494427",,accident,23.4,94,0.5,10.0,15,4,0,1,0,0.3068783068783069
2024-08-16 15:30:00,2024.08.16,15:30:00,7.018525,80.494427,7.019,80.494,7.019_80.494,Bus / Three Wheeler,Ginigathena-n.pitiy Rd #11,"7.018525, 80.494427",,accident,23.4,94,0.5,10.0,15,4,0,1,0,0.3068783068783069
2024-10-11 08:00:00,2024.10.11,08:00:00,6.997546,80.476889,6.998,80.477,6.998_80.477,Car,Rampadeniya Temple,"6.997546, 80.476889",,plunged into a precipice,21.8,94,4.5,11.9,8,4,0,1,0,0.35071806500377933
2024-10-18 03:00:00,2024.10.18,03:00:00,6.990452,80.459595,6.99,80.46,6.99_80.46,Car,Millagahamula 46/8 Culvert,"6.990452, 80.459595",Slipped,,18.7,86,0.0,4.5,3,4,0,0,0,0.35071806500377933
2024-10-19 07:00:00,2024.10.19,07:00:00,6.985637,80.493485,6.986,80.493,6.986_80.493,Lorry,Gcc,"6.985637, 80.493485",Slipped,,22.8,81,0.0,4.4,7,5,1,0,0,0.35071806500377933
2024-11-03 22:00:00,2024.11.03,22:00:00,6.999775,80.473979,7.0,80.474,7.0_80.474,Lorry / Three Wheeler,Rampadeniya School,"6.999775, 80.473979",,accident,21.7,90,0.0,2.2,22,6,1,0,0,0.35071806500377933
2024-11-15 14:20:00,2024.11.15,14:20:00,6.9889,80.4921,6.989,80.492,6.989_80.492,Three Wheeler,Ginigathena Market,"6.9889, 80.4921",Excessive Speed,hit a pedestrian,22.6,95,11.8,5.9,14,4,0,1,1,0.39833711262282695
2024-11-20 09:45:00,2024.11.20,09:45:00,6.9903,80.4352,6.99,80.435,6.99_80.435,Bus,Miyora Hotel,"6.9903, 80.4352",Slipped,skidded on wet road,24.8,82,0.0,6.7,9,2,0,0,0,0.35071806500377933
2024-11-25 17:30:00,2024.11.25,17:30:00,6.979513,80.503543,6.98,80.504,6.98_80.504,Lorry,Kadawala 56/5 Culvert,"6.979513, 80.503543",Mechanical Error,brake failure,21.3,99,3.0,6.8,17,0,0,1,0,0.35071806500377933
2024-12-01 08:10:00,2024.12.01,08:10:00,7.019,80.4938,7.019,80.494,7.019_80.494,Motor Cycle,Ambagamuwa 9/8 Culvert,"7.0190, 80.4938",Excessive Speed,collision with van,22.8,89,0.0,9.9,8,6,1,0,1,0.39833711262282695
2024-12-05 20:15:00,2024.12.05,20:15:00,6.990531,80.459648,6.991,80.46,6.991_80.46,Van,Millagahamula 47/2 Culvert,"6.990531, 80.459648",Slipped,Turn over,21.0,94,0.0,1.1,20,3,0,0,0,0.35071806500377933
2024-12-10 11:50:00,2024.12.10,11:50:00,6.990598,80.490651,6.991,80.491,6.991_80.491,Three Wheeler,"Hatton-colombo Rd, 45km","6.990598, 80.490651",Excessive Speed,hit a barrier,27.2,54,0.0,6.2,11,1,0,0,1,0.39833711262282695
2024-12-15 13:25:00,2024.12.15,13:25:00,6.9924,80.4886,6.992,80.489,6.992_80.489,Car,Ginigathena Hospital Rd,"6.9924, 80.4886",Slipped,lost control on curve,28.2,48,0.0,12.4,13,6,1,0,0,0.35071806500377933
2024-12-20 16:40:00,2024.12.20,16:40:00,6.978656,80.503532,6.979,80.504,6.979_80.504,Bus,Diyagala 57/8 Culvert,"6.978656, 80.503532",Excessive Speed,hit a parked vehicle,22.6,92,0.5,3.6,16,4,0,1,1,0.39833711262282695
2024-12-25 22:00:00,2024.12.25,22:00:00,6.996108,80.4801,6.996,80.48,6.996_80.48,Lorry,Rampadeniya 51/12 Culvert,"6.996108, 80.480100",Slipped,plunged into ditch,16.4,92,0.0,3.0,22,2,0,0,0,0.35071806500377933
2025-01-02 07:15:00,2025.01.02,07:15:00,6.9985,80.4758,6.998,80.476,6.998_80.476,Motor Cycle,Badupola 50km Marker,"6.9985, 80.4758",Excessive Speed,collision with three-wheeler,21.2,99,0.3,2.5,7,3,0,1,1,0.39833711262282695
2025-01-08 12:30:00,2025.01.08,12:30:00,7.010875,80.490356,7.011,80.49,7.011_80.49,Three Wheeler,Ambagamuwa Samurdi Bank,"7.010875, 80.490356",Slipped,Turn over,27.2,60,0.0,6.1,12,2,0,0,0,0.35071806500377933
2025-01-12 18:20:00,2025.01.12,18:20:00,6.97691,80.503612,6.977,80.504,6.977_80.504,Van,Kadawala 55/14 Culvert,"6.976910, 80.503612",Excessive Speed,hit a cyclist,21.1,97,0.1,0.5,18,6,1,0,1,0.39833711262282695
2025-01-18 09:45:00,2025.01.18,09:45:00,6.989,80.4941,6.989,80.494,6.989_80.494,Car,Ginigathena Police Station,"6.9890, 80.4941",Slipped,skidded on oil spill,25.8,70,0.0,4.0,9,5,1,0,0,0.35071806500377933
2025-01-22 14:10:00,2025.01.22,14:10:00,6.991424,80.460627,6.991,80.461,6.991_80.461,Bus,Millagahamula 46/9 Culvert,"6.991424, 80.460627",Excessive Speed,out of control,22.8,95,0.2,2.3,14,2,0,1,1,0.39833711262282695
2025-01-28 10:30:00,2025.01.28,10:30:00,6.9942,80.4497,6.994,80.45,6.994_80.45,Lorry,Pitawala Junction,"6.9942, 80.4497",Mechanical Error,engine failure,24.6,67,0.0,4.7,10,1,0,0,0,0.3347763347763348
2025-02-03 16:50:00,2025.02.03,16:50:00,7.019,80.4938,7.019,80.494,7.019_80.494,Three Wheeler,Ambagamuwa Temple Rd,"7.0190, 80.4938",Slipped,hit a pole,25.9,63,0.0,6.8,16,0,0,0,0,0.35071806500377933
2025-02-08 21:15:00,2025.02.08,21:15:00,6.9954,80.4918,6.995,80.492,6.995_80.492,Motor Cycle,Ginigathena Bus Stand,"6.9954, 80.4918",Excessive Speed,collision with pedestrian,16.3,94,0.0,7.3,21,5,1,0,1,0.39833711262282695
2025-02-14 08:40:00,2025.02.14,08:40:00,6.9775,80.504,6.978,80.504,6.978_80.504,Van,Kadawala School,"6.9775, 80.5040",Slipped,Turn over,21.9,68,0.0,1.0,8,4,0,0,0,0.35071806500377933
2025-02-20 13:55:00,2025.02.20,13:55:00,6.977309,80.50378,6.977,80.504,6.977_80.504,Car,Diyagala 56/4 Culvert,"6.977309, 80.503780",Excessive Speed,hit a tree,29.3,47,0.0,6.9,13,3,0,0,1,0.39833711262282695
2025-02-26 17:20:00,2025.02.26,17:20:00,6.990705,80.462151,6.991,80.462,6.991_80.462,Bus,Millagahamula 48/6 Culvert,"6.990705, 80.462151",Slipped,skidded on gravel,24.3,81,0.2,5.1,17,2,0,1,0,0.35071806500377933
2025-03-04 10:45:00,2025.03.04,10:45:00,7.019383,80.497491,7.019,80.497,7.019_80.497,Lorry,Ambagamuwa 9/9 Culvert,"7.019383, 80.497491",Mechanical Error,brake failure,28.3,55,0.0,6.2,10,1,0,0,0,0.35071806500377933
2025-03-10 19:30:00,2025.03.10,19:30:00,6.9889,80.4921,6.989,80.492,6.989_80.492,Three Wheeler,Ginigathena Market,"6.9889, 80.4921",Excessive Speed,hit a cart,22.6,97,0.0,0.5,19,0,0,0,1,0.39833711262282695
2025-03-16 07:50:00,2025.03.16,07:50:00,6.9985,80.4758,6.998,80.476,6.998_80.476,Motor Cycle,Badupola 50km Marker,"6.9985, 80.4758",Slipped,fell on wet road,21.6,94,0.0,2.1,7,6,1,0,0,0.35071806500377933
2025-03-22 12:15:00,2025.03.22,12:15:00,6.977464,80.503956,6.977,80.504,6.977_80.504,Van,Kadawala 55/15 Culvert,"6.977464, 80.503956",Excessive Speed,collision with bike,27.4,69,0.1,3.8,12,5,1,0,1,0.39833711262282695
2025-03-28 15:40:00,2025.03.28,15:40:00,6.9924,80.4886,6.992,80.489,6.992_80.489,Car,Ginigathena Hospital,"6.9924, 80.4886",Slipped,lost control,28.3,51,0.0,4.6,15,4,0,0,0,0.35071806500377933
