Date,Time,Vehicle,Place,Reason,Position,Description,Datetime,Temperature (C),Humidity (%),Precipitation (mm),Wind Speed (km/h),Latitude,Longitude,ts,hour,dow,is_weekend,is_wet,lat_bin,lon_bin,segment_id,is_speed_reason,SPI_smoothed
2020.01.06,08:00:00,Car,Rampadeniya 51/6 Culvert,Slipped,"6.997421, 80.477024",Turn over,2020-01-06 08:00:00,23.6,67,0.0,2.9,6.997421,80.477024,2020-01-06 08:00:00,8,0,0,0,6.997,80.477,6.997_80.477,0,0.35071806500377933
2020.01.07,14:30:00,Lorry,Millagahamula,Mechanical Error,"6.990092, 80.456055",hit a electricity tower,2020-01-07 14:30:00,25.8,74,0.7,6.9,6.990092,80.456055,2020-01-07 14:30:00,14,1,0,1,6.99,80.456,6.99_80.456,0,0.35071806500377933
2020.01.10,20:05:00,Bus,Diyagala 57/9 Culvert,Excessive Speed,"6.955723, 80.527169",hit a fence,2020-01-10 20:05:00,20.9,95,0.0,5.1,6.955723,80.527169,2020-01-10 20:05:00,20,4,0,0,6.956,80.527,6.956_80.527,1,0.39833711262282695
2020.01.14,08:15:00,Bus,57km Mark In Hatton Road,Excessive Speed,"6.969302, 80.513117",accident,2020-01-14 08:15:00,22.9,66,0.0,2.9,6.969302,80.513117,2020-01-14 08:15:00,8,1,0,0,6.969,80.513,6.969_80.513,1,0.39833711262282695
2020.01.18,06:05:00,Van / Motor Cycle,Millagahamula 48/4 Culvert,Slipped,"6.991344, 80.460638",Turn over,2020-01-18 06:05:00,19.4,86,0.0,4.1,6.991344,80.460638,2020-01-18 06:05:00,6,5,1,0,6.991,80.461,6.991_80.461,0,0.35071806500377933
2020.01.19,12:35:00,Bus,Ginigathena Hospital,Excessive Speed,"6.9924, 80.4886",Hit ambulance,2020-01-19 12:35:00,27.1,73,0.2,12.5,6.9924,80.4886,2020-01-19 12:35:00,12,6,1,1,6.992,80.489,6.992_80.489,1,0.38023088023088025
2020.01.22,09:30:00,Cab,Pahalakadawala 51/1 Culvert,Slipped,"6.995617, 80.479441",cab/three wheeler,2020-01-22 09:30:00,25.6,79,0.4,3.1,6.995617,80.479441,2020-01-22 09:30:00,9,2,0,1,6.996,80.479,6.996_80.479,0,0.35071806500377933
2020.01.23,09:30:00,Lorry,Rampadeniya 51/13 Culvert,Slipped,"6.996108, 80.480101",Turn over,2020-01-23 09:30:00,25.3,83,0.2,6.9,6.996108,80.480101,2020-01-23 09:30:00,9,3,0,1,6.996,80.48,6.996_80.48,0,0.35071806500377933
2020.02.01,17:10:00,Lorry,Bagathuluwa 11/4 Culvert,Mechanical Error,"6.999472, 80.490629",Brake failure,2020-02-01 17:10:00,25.5,66,0.0,4.3,6.999472,80.490629,2020-02-01 17:10:00,17,5,1,0,6.999,80.491,6.999_80.491,0,0.35071806500377933
2020.02.06,14:55:00,Three Wheeler,Ambagamuwa Temple,Excessive Speed,"7.0190, 80.4938",hit a pedestrian,2020-02-06 14:55:00,28.7,49,0.0,6.1,7.019,80.4938,2020-02-06 14:55:00,14,3,0,0,7.019,80.494,7.019_80.494,1,0.39833711262282695
2020.02.14,10:45:00,Motor Cycle,Millagahamula Bridge,Slipped,"6.9913, 80.4618",Fell on curve,2020-02-14 10:45:00,24.4,80,0.0,7.3,6.9913,80.4618,2020-02-14 10:45:00,10,4,0,0,6.991,80.462,6.991_80.462,0,0.35071806500377933
2020.02.19,18:20:00,Motor Cycle,Millagahamula 47/3 Culvert,Slipped,"6.991582, 80.461527",fell on curve,2020-02-19 18:20:00,23.6,77,0.0,6.3,6.991582,80.461527,2020-02-19 18:20:00,18,2,0,0,6.992,80.462,6.992_80.462,0,0.35071806500377933
2020.02.27,21:20:00,Three Wheeler,Ambagamuwa Temple,Excessive Speed,"7.0189, 80.4938",Hit cyclist,2020-02-27 21:20:00,21.8,93,0.1,4.0,7.0189,80.4938,2020-02-27 21:20:00,21,3,0,0,7.019,80.494,7.019_80.494,1,0.39833711262282695
2020.03.04,11:45:00,Van,Ginigathena Police Station,Excessive Speed,"6.9890, 80.4941",collision with car,2020-03-04 11:45:00,27.2,67,0.1,7.8,6.989,80.4941,2020-03-04 11:45:00,11,2,0,0,6.989,80.494,6.989_80.494,1,0.39833711262282695
2020.03.05,11:45:00,Motor Cycle,Millagahamula Bridge,Slipped,"6.9913, 80.4618",Turn over,2020-03-05 11:45:00,27.6,61,0.0,6.6,6.9913,80.4618,2020-03-05 11:45:00,11,3,0,0,6.991,80.462,6.991_80.462,0,0.35071806500377933
2020.03.11,14:55:00,Van,Kithulvila Hotel,Slipped,"6.9939, 80.4469",Turn over,2020-03-11 14:55:00,27.9,64,0.1,7.3,6.9939,80.4469,2020-03-11 14:55:00,14,2,0,0,6.994,80.447,6.994_80.447,0,0.35071806500377933
2020.03.17,16:10:00,Car,Kadawala School,Slipped,"6.9775, 80.5040",skidded on mud,2020-03-17 16:10:00,25.1,85,0.0,7.4,6.9775,80.504,2020-03-17 16:10:00,16,1,0,0,6.978,80.504,6.978_80.504,0,0.35071806500377933
2020.03.17,16:45:00,Three Wheeler / Foot Cycle,Ambagamuwa Temple,Excessive Speed,"7.0189, 80.4938",accident,2020-03-17 16:45:00,25.1,85,0.0,7.4,7.0189,80.4938,2020-03-17 16:45:00,16,1,0,0,7.019,80.494,7.019_80.494,1,0.39833711262282695
2020.03.20,18:40:00,Car,Ambagamuwa 9/4 Culvert,Excessive Speed,"7.016803, 80.492307",Turn over,2020-03-20 18:40:00,22.7,93,0.0,2.7,7.016803,80.492307,2020-03-20 18:40:00,18,4,0,0,7.017,80.492,7.017_80.492,1,0.39833711262282695
2020.03.24,07:30:00,Car,44km Mark On Ht-colombo Rd,Excessive Speed,"6.993788, 80.445966",Lost control,2020-03-24 07:30:00,20.6,70,0.0,4.4,6.993788,80.445966,2020-03-24 07:30:00,7,1,0,0,6.994,80.446,6.994_80.446,1,0.39833711262282695
2020.04.01,21:35:00,Bus,Pitawala Junction,Excessive Speed,"6.9942, 80.4497",hit a barrier,2020-04-01 21:35:00,21.5,86,0.0,3.4,6.9942,80.4497,2020-04-01 21:35:00,21,2,0,0,6.994,80.45,6.994_80.45,1,0.39833711262282695
2020.04.06,16:05:00,Bus,Diyagala 57/8 Culvert,Slipped,"6.978656, 80.503532",Skidded on wet road,2020-04-06 16:05:00,25.2,88,0.1,4.7,6.978656,80.503532,2020-04-06 16:05:00,16,0,0,0,6.979,80.504,6.979_80.504,0,0.35071806500377933
2020.04.14,08:00:00,Lorry,Ambagamuwa 9/8 Culvert,Mechanical Error,"7.0190, 80.4938",steering failure,2020-04-14 08:00:00,25.0,83,0.0,3.9,7.019,80.4938,2020-04-14 08:00:00,8,1,0,0,7.019,80.494,7.019_80.494,0,0.35071806500377933
2020.04.16,12:00:00,Three Wheeler / Lorry,Jeewani Motors,Mechanical Error,"6.998272, 80.467324",accident - 2 three wheelers,2020-04-16 12:00:00,26.7,75,0.1,3.8,6.998272,80.467324,2020-04-16 12:00:00,12,3,0,0,6.998,80.467,6.998_80.467,0,0.35071806500377933
2020.04.19,09:40:00,Lorry,Ranjurawa 49/4 Culvert,Excessive Speed,"6.994455, 80.465674",Hit electricity pole,2020-04-19 09:40:00,26.4,74,0.0,3.8,6.994455,80.465674,2020-04-19 09:40:00,9,6,1,0,6.994,80.466,6.994_80.466,1,0.39833711262282695
2020.04.27,13:25:00,Three Wheeler,Ginigathena Market,Slipped,"6.9889, 80.4921",Turn over,2020-04-27 13:25:00,28.4,69,0.0,8.4,6.9889,80.4921,2020-04-27 13:25:00,13,0,0,0,6.989,80.492,6.989_80.492,0,0.35071806500377933
2020.05.02,22:15:00,Motor Cycle,Ginigathena Temple,Slipped,"6.9887, 80.4948",Fell on wet road,2020-05-02 22:15:00,22.1,90,0.1,1.9,6.9887,80.4948,2020-05-02 22:15:00,22,5,1,0,6.989,80.495,6.989_80.495,0,0.35071806500377933
2020.05.10,17:50:00,Motor Cycle,Badupola 50km Marker,Excessive Speed,"6.9985, 80.4758",hit a dog,2020-05-10 17:50:00,23.8,93,0.2,1.4,6.9985,80.4758,2020-05-10 17:50:00,17,6,1,1,6.998,80.476,6.998_80.476,1,0.39833711262282695
2020.05.15,13:50:00,Three Wheeler,Arogya Medical Center,Excessive Speed,"6.9896, 80.4917",Hit pedestrian,2020-05-15 13:50:00,24.3,91,1.5,7.4,6.9896,80.4917,2020-05-15 13:50:00,13,4,0,1,6.99,80.492,6.99_80.492,1,0.39833711262282695
2020.05.18,15:30:00,Three Wheeler,Kithulvila Hotel,Excessive Speed,"6.993901, 80.446952",turn over,2020-05-18 15:30:00,23.3,96,3.8,6.4,6.993901,80.446952,2020-05-18 15:30:00,15,0,0,1,6.994,80.447,6.994_80.447,1,0.39833711262282695
2020.05.23,10:15:00,Van,Diyagala 56/5 Culvert,Slipped,"6.977957, 80.503856",skidded on oil,2020-05-23 10:15:00,25.0,93,0.2,6.3,6.977957,80.503856,2020-05-23 10:15:00,10,5,1,1,6.978,80.504,6.978_80.504,0,0.35071806500377933
2020.05.28,18:25:00,Van,Kalugala Maha Vidyalaya,Slipped,"6.9945, 80.4471",Turn over,2020-05-28 18:25:00,22.3,96,0.1,8.4,6.9945,80.4471,2020-05-28 18:25:00,18,3,0,0,6.994,80.447,6.994_80.447,0,0.35071806500377933
2020.06.05,19:40:00,Car,Millagahamula 46/10 Culvert,Excessive Speed,"6.990058, 80.463009",out of control,2020-06-05 19:40:00,22.2,93,0.0,5.9,6.990058,80.463009,2020-06-05 19:40:00,19,4,0,0,6.99,80.463,6.99_80.463,1,0.39833711262282695
2020.06.10,11:00:00,Car,Millagahamula 46/12 Culvert,Excessive Speed,"6.989994, 80.457293",Collision with lorry,2020-06-10 11:00:00,24.5,85,1.0,8.9,6.989994,80.457293,2020-06-10 11:00:00,11,2,0,1,6.99,80.457,6.99_80.457,1,0.39833711262282695
2020.06.18,07:05:00,Bus,Ginigathena Hospital,Slipped,"6.9924, 80.4886",hit a pole,2020-06-18 07:05:00,23.2,90,0.1,8.0,6.9924,80.4886,2020-06-18 07:05:00,7,3,0,0,6.992,80.489,6.992_80.489,0,0.35071806500377933
2020.06.23,19:35:00,Bus,Ginigathena Bus Stand,Slipped,"6.9954, 80.4918",Skidded on oil,2020-06-23 19:35:00,22.3,96,0.0,3.3,6.9954,80.4918,2020-06-23 19:35:00,19,1,0,0,6.995,80.492,6.995_80.492,0,0.35071806500377933
2020.07.01,12:30:00,Lorry,Kadawala 55/16 Culvert,Mechanical Error,"6.979477, 80.503537",brake failure,2020-07-01 12:30:00,25.2,86,0.7,9.4,6.979477,80.503537,2020-07-01 12:30:00,12,2,0,1,6.979,80.504,6.979_80.504,0,0.35071806500377933
2020.07.06,08:10:00,Lorry,Badupola 50km Marker,Mechanical Error,"6.9985, 80.4758",Engine failure,2020-07-06 08:10:00,23.5,85,0.1,8.7,6.9985,80.4758,2020-07-06 08:10:00,8,0,0,0,6.998,80.476,6.998_80.476,0,0.35071806500377933
2020.07.13,12:45:00,Tipper /bus,Millagahamula,Excessive Speed,"6.990092, 80.456055",accident while overtaking,2020-07-13 12:45:00,25.6,92,0.5,8.3,6.990092,80.456055,2020-07-13 12:45:00,12,0,0,1,6.99,80.456,6.99_80.456,1,0.39833711262282695
2020.07.14,15:55:00,Three Wheeler,Ambagamuwa Temple,Excessive Speed,"7.0190, 80.4938",hit a cyclist,2020-07-14 15:55:00,24.9,83,0.2,12.0,7.019,80.4938,2020-07-14 15:55:00,15,1,0,1,7.019,80.494,7.019_80.494,1,0.39833711262282695
2020.07.19,12:45:00,Motor Cycle,Ambagamuwa 9/5 Culvert,Excessive Speed,"7.017119, 80.492386",Hit three-wheeler,2020-07-19 12:45:00,26.8,74,0.2,5.0,7.017119,80.492386,2020-07-19 12:45:00,12,6,1,1,7.017,80.492,7.017_80.492,1,0.4256854256854257
2020.07.27,20:20:00,Motor Cycle,Ginigathena Bus Stand,Slipped,"6.9954, 80.4918",fell on wet road,2020-07-27 20:20:00,22.0,74,0.0,3.7,6.9954,80.4918,2020-07-27 20:20:00,20,0,0,0,6.995,80.492,6.995_80.492,0,0.35071806500377933
2020.08.01,17:20:00,Three Wheeler,Ginigathena Market,Slipped,"6.9889, 80.4921",Turn over,2020-08-01 17:20:00,23.1,91,0.7,9.8,6.9889,80.4921,2020-08-01 17:20:00,17,5,1,1,6.989,80.492,6.989_80.492,0,0.35071806500377933
2020.08.09,09:45:00,Van,Rampadeniya 51/14 Culvert,Excessive Speed,"6.996108, 80.480102",collision with lorry,2020-08-09 09:45:00,22.9,96,0.4,8.1,6.996108,80.480102,2020-08-09 09:45:00,9,6,1,1,6.996,80.48,6.996_80.48,1,0.39833711262282695
2020.08.10,22:15:00,Three Wheeler,Diyagala 57/7 Culvert,Slipped,"6.979471, 80.503557",out of control,2020-08-10 22:15:00,21.1,91,0.0,4.1,6.979471,80.503557,2020-08-10 22:15:00,22,0,0,0,6.979,80.504,6.979_80.504,0,0.35071806500377933
2020.08.14,10:55:00,Van,Diyagala 56/2 Culvert,Excessive Speed,"6.976911, 80.503590",Lost control,2020-08-14 10:55:00,24.1,82,0.3,12.1,6.976911,80.50359,2020-08-14 10:55:00,10,4,0,1,6.977,80.504,6.977_80.504,1,0.4256854256854257
2020.08.18,17:30:00,Three Wheeler,Bagathuluwa 11/4 Culvert,,"6.999472, 80.490629",,2020-08-18 17:30:00,23.7,83,0.0,5.4,6.999472,80.490629,2020-08-18 17:30:00,17,1,0,0,6.999,80.491,6.999_80.491,0,0.35071806500377933
2020.08.20,11:00:00,Three Wheeler,44km Mark On Ht-colombo Rd,"Slipped, Excessive Speed","6.993788, 80.445966",out of control,2020-08-20 11:00:00,25.1,79,0.1,9.1,6.993788,80.445966,2020-08-20 11:00:00,11,3,0,0,6.994,80.446,6.994_80.446,1,0.39833711262282695
2020.08.22,14:10:00,Car,Pitawala Junction,Slipped,"6.9942, 80.4497",lost control,2020-08-22 14:10:00,25.4,81,0.6,10.6,6.9942,80.4497,2020-08-22 14:10:00,14,5,1,1,6.994,80.45,6.994_80.45,0,0.35071806500377933
2020.08.27,21:30:00,Car,Rampadeniya 51/11 Culvert,Slipped,"6.9961, 80.4800",Skidded on gravel,2020-08-27 21:30:00,20.6,97,0.0,4.2,6.9961,80.48,2020-08-27 21:30:00,21,3,0,0,6.996,80.48,6.996_80.48,0,0.35071806500377933
2020.09.04,18:35:00,Bus,Diyagala 57/10 Culvert,Excessive Speed,"6.976686, 80.506372",hit a tree,2020-09-04 18:35:00,23.1,88,0.0,4.4,6.976686,80.506372,2020-09-04 18:35:00,18,4,0,0,6.977,80.506,6.977_80.506,1,0.39833711262282695
2020.09.09,14:05:00,Bus,Kadawala 55/13 Culvert,Excessive Speed,"6.977741, 80.503269",Hit tree,2020-09-09 14:05:00,21.5,95,4.0,9.2,6.977741,80.503269,2020-09-09 14:05:00,14,2,0,1,6.978,80.503,6.978_80.503,1,0.4256854256854257
2020.09.13,16:30:00,Car,Ginigathena Police Station,Excessive Speed,"6.989008, 80.494092",out of control,2020-09-13 16:30:00,21.4,97,0.5,10.6,6.989008,80.494092,2020-09-13 16:30:00,16,6,1,1,6.989,80.494,6.989_80.494,1,0.39833711262282695
2020.09.17,11:00:00,Lorry,Millagahamula 48/7 Culvert,Slipped,"6.989992, 80.463073",Turn over,2020-09-17 11:00:00,24.1,96,0.4,11.8,6.989992,80.463073,2020-09-17 11:00:00,11,3,0,1,6.99,80.463,6.99_80.463,0,0.35071806500377933
2020.09.22,07:40:00,Lorry,Millagahamula Wasana Hotel,Slipped,"6.9918, 80.4571",Turn over,2020-09-22 07:40:00,21.4,98,0.6,5.9,6.9918,80.4571,2020-09-22 07:40:00,7,1,0,1,6.992,80.457,6.992_80.457,0,0.35071806500377933
2020.09.30,16:25:00,Three Wheeler,Ginigathena Market,Excessive Speed,"6.9889, 80.4921",hit a cart,2020-09-30 16:25:00,21.9,94,0.3,10.7,6.9889,80.4921,2020-09-30 16:25:00,16,2,0,1,6.989,80.492,6.989_80.492,1,0.39833711262282695
2020.10.05,08:55:00,Van,Ginigathena Hospital,Mechanical Error,"6.992444, 80.488624",out of control,2020-10-05 08:55:00,23.0,81,0.0,6.4,6.992444,80.488624,2020-10-05 08:55:00,8,0,0,0,6.992,80.489,6.992_80.489,0,0.35071806500377933
2020.10.05,16:15:00,Motor Cycle,Ambagamuwa Samurdi Bank,Excessive Speed,"7.010875, 80.490356",Collision with car,2020-10-05 16:15:00,24.1,79,0.0,10.1,7.010875,80.490356,2020-10-05 16:15:00,16,0,0,0,7.011,80.49,7.011_80.49,1,0.39833711262282695
2020.10.13,21:50:00,Motor Cycle,Kadawala School,Slipped,"6.9775, 80.5040",skidded on gravel,2020-10-13 21:50:00,21.2,100,0.9,12.5,6.9775,80.504,2020-10-13 21:50:00,21,1,0,1,6.978,80.504,6.978_80.504,0,0.35071806500377933
2020.10.18,09:50:00,Three Wheeler,Ginigathena Police Station,Slipped,"6.9890, 80.4940",Fell on wet road,2020-10-18 09:50:00,23.5,81,0.1,7.1,6.989,80.494,2020-10-18 09:50:00,9,6,1,0,6.989,80.494,6.989_80.494,0,0.3347763347763348
2020.10.26,08:15:00,Van,Ambagamuwa 9/8 Culvert,Excessive Speed,"7.0190, 80.4938",collision with bike,2020-10-26 08:15:00,24.0,79,0.0,2.8,7.019,80.4938,2020-10-26 08:15:00,8,0,0,0,7.019,80.494,7.019_80.494,1,0.39833711262282695
2020.10.31,22:25:00,Van,Pitawala Junction,Excessive Speed,"6.9941, 80.4496",Hit barrier,2020-10-31 22:25:00,20.7,98,0.0,2.1,6.9941,80.4496,2020-10-31 22:25:00,22,5,1,0,6.994,80.45,6.994_80.45,1,0.4256854256854257
2020.11.08,13:40:00,Car,Ginigathena Police Station,Slipped,"6.9890, 80.4941",lost control,2020-11-08 13:40:00,24.3,86,13.8,8.7,6.989,80.4941,2020-11-08 13:40:00,13,6,1,1,6.989,80.494,6.989_80.494,0,0.35071806500377933
2020.11.12,18:10:00,Motor Cycle,Badupola 50km Marker,Excessive Speed,"6.9985, 80.4758",out of control / accident three wheeler,2020-11-12 18:10:00,22.8,91,0.1,1.1,6.9985,80.4758,2020-11-12 18:10:00,18,3,0,0,6.998,80.476,6.998_80.476,1,0.39833711262282695
2020.11.13,15:00:00,Car,Diyagala 57/9 Culvert,Slipped,"6.955723, 80.527169",Skidded on oil,2020-11-13 15:00:00,23.6,99,1.3,2.5,6.955723,80.527169,2020-11-13 15:00:00,15,4,0,1,6.956,80.527,6.956_80.527,0,0.3347763347763348
2020.11.16,11:45:00,Motor Cycle,Kadawala Baduyir Hotel,Slipped,"6.9774, 80.5039",slipped when breaking,2020-11-16 11:45:00,25.6,82,0.1,4.7,6.9774,80.5039,2020-11-16 11:45:00,11,0,0,0,6.977,80.504,6.977_80.504,0,0.35071806500377933
2020.11.21,17:05:00,Bus,Badupola 50km Marker,Excessive Speed,"6.9985, 80.4758",hit a fence,2020-11-21 17:05:00,22.8,90,0.0,3.4,6.9985,80.4758,2020-11-21 17:05:00,17,5,1,0,6.998,80.476,6.998_80.476,1,0.39833711262282695
2020.11.26,08:35:00,Bus,Bagathuluwa Temple,Excessive Speed,"7.0039, 80.4899",Hit wall,2020-11-26 08:35:00,23.9,79,0.0,8.4,7.0039,80.4899,2020-11-26 08:35:00,8,3,0,0,7.004,80.49,7.004_80.49,1,0.4256854256854257
2020.12.04,10:30:00,Lorry,Diyagala 56/6 Culvert,Mechanical Error,"6.978387, 80.503750",engine failure,2020-12-04 10:30:00,24.0,91,0.3,7.1,6.978387,80.50375,2020-12-04 10:30:00,10,4,0,1,6.978,80.504,6.978_80.504,0,0.35071806500377933
2020.12.09,13:10:00,Lorry,Ambagamuwa Hot Roti Store,Slipped,"7.0193, 80.4952",Turn over,2020-12-09 13:10:00,25.0,83,0.4,4.6,7.0193,80.4952,2020-12-09 13:10:00,13,2,0,1,7.019,80.495,7.019_80.495,0,0.3347763347763348
2020.12.17,19:55:00,Three Wheeler,Ambagamuwa Temple,Slipped,"7.0190, 80.4938",Turn over,2020-12-17 19:55:00,21.9,89,0.0,0.8,7.019,80.4938,2020-12-17 19:55:00,19,3,0,0,7.019,80.494,7.019_80.494,0,0.35071806500377933
2020.12.20,16:15:00,Motor Cycle,Diyagala 57/9 Culvert,Excessive Speed,"6.955723, 80.527169",accident with bowser,2020-12-20 16:15:00,22.6,90,1.4,4.0,6.955723,80.527169,2020-12-20 16:15:00,16,6,1,1,6.956,80.527,6.956_80.527,1,0.39833711262282695
2020.12.22,18:45:00,Motor Cycle,Kadawala Baduyir Hotel,Excessive Speed,"6.9774, 80.5039",Collision with three-wheeler,2020-12-22 18:45:00,21.7,93,0.8,2.8,6.9774,80.5039,2020-12-22 18:45:00,18,1,0,1,6.977,80.504,6.977_80.504,1,0.4256854256854257
2020.12.28,08:15:00,Truck,Kalugala Maha Vidyalaya,Excessive Speed,"6.994563, 80.447144",out of control,2020-12-28 08:15:00,23.1,87,0.0,1.0,6.994563,80.447144,2020-12-28 08:15:00,8,0,0,0,6.995,80.447,6.995_80.447,1,0.39833711262282695
2020.12.30,07:20:00,Motor Cycle,Millagahamula 47/4 Culvert,Excessive Speed,"6.990015, 80.462886",hit a pedestrian,2020-12-30 07:20:00,18.5,88,0.0,5.6,6.990015,80.462886,2020-12-30 07:20:00,7,2,0,0,6.99,80.463,6.99_80.463,1,0.39833711262282695
2021.01.04,11:20:00,Three Wheeler,Ginigathena Hospital,Slipped,"6.9924, 80.4886",Skidded on wet road,2021-01-04 11:20:00,23.7,85,0.5,8.3,6.9924,80.4886,2021-01-04 11:20:00,11,0,0,1,6.992,80.489,6.992_80.489,0,0.3347763347763348
2021.01.12,12:45:00,Van,Ginigathena Hospital,Slipped,"6.9924, 80.4886",skidded on oil,2021-01-12 12:45:00,24.0,85,2.0,5.6,6.9924,80.4886,2021-01-12 12:45:00,12,1,0,1,6.992,80.489,6.992_80.489,0,0.35071806500377933
2021.01.17,20:55:00,Van,Laxapana Bata Deka,Excessive Speed,"6.9780, 80.4587",Lost control,2021-01-17 20:55:00,21.6,92,0.2,2.4,6.978,80.4587,2021-01-17 20:55:00,20,6,1,1,6.978,80.459,6.978_80.459,1,0.4256854256854257
2021.01.20,15:00:00,Car / Motor Cycle,Bagathuluwa 11/4 Culvert,,"6.999472, 80.490629",accident,2021-01-20 15:00:00,24.3,81,0.0,6.7,6.999472,80.490629,2021-01-20 15:00:00,15,2,0,0,6.999,80.491,6.999_80.491,0,0.35071806500377933
2021.01.25,16:10:00,Car,Kadawala 55/17 Culvert,Excessive Speed,"6.979184, 80.504160",out of control,2021-01-25 16:10:00,25.2,65,0.0,6.3,6.979184,80.50416,2021-01-25 16:10:00,16,0,0,0,6.979,80.504,6.979_80.504,1,0.39833711262282695
2021.01.29,16:45:00,Van,Kadawala School,Slipped,"6.977475, 80.503988",out of control,2021-01-29 16:45:00,22.8,93,0.8,3.6,6.977475,80.503988,2021-01-29 16:45:00,16,4,0,1,6.977,80.504,6.977_80.504,0,0.35071806500377933
2021.01.30,09:30:00,Car,Millagahamula Bridge,Slipped,"6.9913, 80.4618",Turn over,2021-01-30 09:30:00,24.5,73,0.0,3.1,6.9913,80.4618,2021-01-30 09:30:00,9,5,1,0,6.991,80.462,6.991_80.462,0,0.35071806500377933
2021.02.07,13:15:00,Lorry,Rampadeniya 51/9 Culvert,,"6.995527, 80.478718",accident,2021-02-07 13:15:00,25.7,82,2.0,4.7,6.995527,80.478718,2021-02-07 13:15:00,13,6,1,1,6.996,80.479,6.996_80.479,0,0.35071806500377933
2021.02.07,21:35:00,Bus,Rampadeniya 51/15 Culvert,Slipped,"6.996108, 80.480103",plunged into ditch,2021-02-07 21:35:00,21.7,92,0.0,2.6,6.996108,80.480103,2021-02-07 21:35:00,21,6,1,0,6.996,80.48,6.996_80.48,0,0.35071806500377933
2021.02.12,14:05:00,Bus,Badupola 50km Marker,Excessive Speed,"6.9984, 80.4757",Hit tree,2021-02-12 14:05:00,26.4,67,0.0,8.0,6.9984,80.4757,2021-02-12 14:05:00,14,4,0,0,6.998,80.476,6.998_80.476,1,0.4256854256854257
2021.02.20,10:00:00,Lorry,Pitawala Junction,Mechanical Error,"6.9942, 80.4497",brake failure,2021-02-20 10:00:00,25.0,78,0.0,7.1,6.9942,80.4497,2021-02-20 10:00:00,10,5,1,0,6.994,80.45,6.994_80.45,0,0.3347763347763348
2021.02.25,17:40:00,Lorry,Miyora Hotel,Slipped,"6.9903, 80.4352",Skidded on oil,2021-02-25 17:40:00,25.1,73,0.2,5.4,6.9903,80.4352,2021-02-25 17:40:00,17,3,0,1,6.99,80.435,6.99_80.435,0,0.3347763347763348
2021.03.01,08:00:00,Motor Cycle / Lorry / Three Wheeler,"Hnb Bank, Ginigathena",,"6.989438, 80.492237",accident,2021-03-01 08:00:00,21.9,72,0.0,2.6,6.989438,80.492237,2021-03-01 08:00:00,8,0,0,0,6.989,80.492,6.989_80.492,0,0.35071806500377933
2021.03.05,15:25:00,Three Wheeler,Ginigathena Market,Excessive Speed,"6.9889, 80.4921",hit a barrier,2021-03-05 15:25:00,25.7,71,0.8,7.3,6.9889,80.4921,2021-03-05 15:25:00,15,4,0,1,6.989,80.492,6.989_80.492,1,0.38023088023088025
2021.03.10,10:15:00,Motor Cycle,Weralugashandiya,Excessive Speed,"6.9805, 80.4823",Collision with van,2021-03-10 10:15:00,25.1,76,0.0,8.3,6.9805,80.4823,2021-03-10 10:15:00,10,2,0,0,6.98,80.482,6.98_80.482,1,0.4256854256854257
2021.03.18,18:50:00,Motor Cycle,Ambagamuwa Temple,Slipped,"7.0190, 80.4938",fell on wet road,2021-03-18 18:50:00,22.2,90,0.0,5.7,7.019,80.4938,2021-03-18 18:50:00,18,3,0,0,7.019,80.494,7.019_80.494,0,0.35071806500377933
2021.03.19,20:40:00,Car,Ginigathena Temple,,"6.988719, 80.494846",hit a man,2021-03-19 20:40:00,21.5,93,0.0,3.7,6.988719,80.494846,2021-03-19 20:40:00,20,4,0,0,6.989,80.495,6.989_80.495,0,0.35071806500377933
2021.03.23,19:50:00,Three Wheeler,Bagathuluwa Ceb Office,Slipped,"7.0107, 80.4921",Turn over,2021-03-23 19:50:00,21.4,98,0.0,2.4,7.0107,80.4921,2021-03-23 19:50:00,19,1,0,0,7.011,80.492,7.011_80.492,0,0.3347763347763348
2021.04.01,11:15:00,Van,Diyagala 57/11 Culvert,Excessive Speed,"6.975509, 80.507632",collision with lorry,2021-04-01 11:15:00,25.2,83,0.1,10.3,6.975509,80.507632,2021-04-01 11:15:00,11,3,0,0,6.976,80.508,6.976_80.508,1,0.39833711262282695
2021.04.03,09:00:00,Car,Laxapana Bata Deka,"Slipped, Excessive Speed","6.978074, 80.458769",hit with a car,2021-04-03 09:00:00,24.9,78,0.0,9.2,6.978074,80.458769,2021-04-03 09:00:00,9,5,1,0,6.978,80.459,6.978_80.459,1,0.39833711262282695
2021.04.05,12:25:00,Van,Millagahamula Dinuwara Stores,Excessive Speed,"6.9894, 80.4561",Hit parked car,2021-04-05 12:25:00,27.0,68,0.0,5.4,6.9894,80.4561,2021-04-05 12:25:00,12,0,0,0,6.989,80.456,6.989_80.456,1,0.4256854256854257
2021.04.14,16:40:00,Car,Millagahamula 46/11 Culvert,Slipped,"6.989769, 80.456101",lost control,2021-04-14 16:40:00,22.8,94,6.1,2.4,6.989769,80.456101,2021-04-14 16:40:00,16,2,0,1,6.99,80.456,6.99_80.456,0,0.35071806500377933
2021.04.18,05:00:00,Car,Ginigathena Police Station,Slipped,"6.9890, 80.4940",Fell on wet road,2021-04-18 05:00:00,22.0,91,0.0,4.7,6.989,80.494,2021-04-18 05:00:00,5,6,1,0,6.989,80.494,6.989_80.494,0,0.3347763347763348
2021.04.27,21:05:00,Bus,Ginigathena Hospital,Excessive Speed,"6.9924, 80.4886",hit a pole,2021-04-27 21:05:00,21.9,94,0.0,4.1,6.9924,80.4886,2021-04-27 21:05:00,21,1,0,0,6.992,80.489,6.992_80.489,1,0.39833711262282695
2021.05.01,15:35:00,Bus,Kadawala School,Excessive Speed,"6.9774, 80.5039",Hit wall,2021-05-01 15:35:00,24.4,91,0.2,2.9,6.9774,80.5039,2021-05-01 15:35:00,15,5,1,1,6.977,80.504,6.977_80.504,1,0.4256854256854257
2021.05.07,12:50:00,Lorry,Diyagala 57/6 Culvert,Slipped,"6.977227, 80.506114",slipped when breaking,2021-05-07 12:50:00,25.4,94,0.7,2.9,6.977227,80.506114,2021-05-07 12:50:00,12,4,0,1,6.977,80.506,6.977_80.506,0,0.35071806500377933
2021.05.10,08:30:00,Lorry,Kadawala 55/18 Culvert,Slipped,"6.978281, 80.505027",Turn over,2021-05-10 08:30:00,25.0,83,0.0,2.9,6.978281,80.505027,2021-05-10 08:30:00,8,0,0,0,6.978,80.505,6.978_80.505,0,0.35071806500377933
2021.05.14,08:10:00,Lorry,Pitawala Sub Post Office,Slipped,"6.9919, 80.4463",Turn over,2021-05-14 08:10:00,23.8,89,1.0,2.0,6.9919,80.4463,2021-05-14 08:10:00,8,4,0,1,6.992,80.446,6.992_80.446,0,0.35071806500377933
2021.05.23,13:55:00,Three Wheeler,Ambagamuwa 9/8 Culvert,Excessive Speed,"7.0190, 80.4938",hit a cyclist,2021-05-23 13:55:00,24.5,87,0.6,11.6,7.019,80.4938,2021-05-23 13:55:00,13,6,1,1,7.019,80.494,7.019_80.494,1,0.39833711262282695
2021.05.27,21:45:00,Motor Cycle,Ambagamuwa Temple,Excessive Speed,"7.0189, 80.4938",Collision with bus,2021-05-27 21:45:00,21.5,96,1.2,7.7,7.0189,80.4938,2021-05-27 21:45:00,21,3,0,1,7.019,80.494,7.019_80.494,1,0.39833711262282695
2021.06.05,17:20:00,Motor Cycle,Ginigathena Bus Stand,Slipped,"6.9954, 80.4918",skidded on gravel,2021-06-05 17:20:00,21.4,95,1.1,10.2,6.9954,80.4918,2021-06-05 17:20:00,17,5,1,1,6.995,80.492,6.995_80.492,0,0.35071806500377933
2021.06.09,14:20:00,Three Wheeler,Green View Hotel,Slipped,"6.9903, 80.4908",Hit pedestrian,2021-06-09 14:20:00,23.4,89,1.2,11.7,6.9903,80.4908,2021-06-09 14:20:00,14,2,0,1,6.99,80.491,6.99_80.491,0,0.3347763347763348
2021.06.18,10:45:00,Van,Badupola 50km Marker,Excessive Speed,"6.9985, 80.4758",collision with bike,2021-06-18 10:45:00,24.7,86,0.5,9.1,6.9985,80.4758,2021-06-18 10:45:00,10,4,0,1,6.998,80.476,6.998_80.476,1,0.39833711262282695
2021.06.22,07:55:00,Van,Laxapana Bata Deka,Excessive Speed,"6.9780, 80.4587",Lost control,2021-06-22 07:55:00,22.3,95,0.3,8.5,6.978,80.4587,2021-06-22 07:55:00,7,1,0,1,6.978,80.459,6.978_80.459,1,0.39833711262282695
2021.07.01,19:10:00,Car,Pitawala Junction,Slipped,"6.9942, 80.4497",lost control,2021-07-01 19:10:00,21.8,95,0.1,11.5,6.9942,80.4497,2021-07-01 19:10:00,19,3,0,0,6.994,80.45,6.994_80.45,0,0.35071806500377933
2021.07.05,16:30:00,Car,Badupola School,Slipped,"7.0000, 80.4733",Skidded on wet road,2021-07-05 16:30:00,24.5,89,0.0,6.5,7.0,80.4733,2021-07-05 16:30:00,16,0,0,0,7.0,80.473,7.0_80.473,0,0.35071806500377933
2021.07.14,07:35:00,Bus,Diyagala 56/7 Culvert,Excessive Speed,"6.978707, 80.503531",hit a tree,2021-07-14 07:35:00,21.7,93,0.1,5.9,6.978707,80.503531,2021-07-14 07:35:00,7,2,0,0,6.979,80.504,6.979_80.504,1,0.39833711262282695
2021.07.18,09:05:00,Bus,Diyagala 57/7 Culvert,Excessive Speed,"6.979471, 80.503557",Hit tree,2021-07-18 09:05:00,22.8,92,2.1,7.0,6.979471,80.503557,2021-07-18 09:05:00,9,6,1,1,6.979,80.504,6.979_80.504,1,0.39833711262282695
2021.07.19,11:30:00,Car / Three Wheeler,Millagahamula 46km-47km,Slipped,"6.990216, 80.459145",,2021-07-19 11:30:00,24.2,81,0.4,9.4,6.990216,80.459145,2021-07-19 11:30:00,11,0,0,1,6.99,80.459,6.99_80.459,0,0.35071806500377933
2021.07.27,12:00:00,Lorry,Millagahamula 48/8 Culvert,Mechanical Error,"6.990183, 80.464522",engine failure,2021-07-27 12:00:00,25.4,77,0.2,12.1,6.990183,80.464522,2021-07-27 12:00:00,12,1,0,1,6.99,80.465,6.99_80.465,0,0.35071806500377933
2021.07.31,22:40:00,Lorry,Millagahamula 48/4 Culvert,Slipped,"6.991344, 80.460638",Turn over,2021-07-31 22:40:00,20.9,95,0.0,4.1,6.991344,80.460638,2021-07-31 22:40:00,22,5,1,0,6.991,80.461,6.991_80.461,0,0.3347763347763348
2021.08.02,13:30:00,Three Wheeler / Motor Cycle,Ambagamuwa Temple,Excessive Speed,"7.018978, 80.493822",accident while overtaking,2021-08-02 13:30:00,23.4,90,0.6,8.4,7.018978,80.493822,2021-08-02 13:30:00,13,0,0,1,7.019,80.494,7.019_80.494,1,0.39833711262282695
2021.08.09,15:25:00,Three Wheeler,Ginigathena Market,Slipped,"6.9889, 80.4921",Turn over,2021-08-09 15:25:00,23.4,87,0.5,8.7,6.9889,80.4921,2021-08-09 15:25:00,15,0,0,1,6.989,80.492,6.989_80.492,0,0.38023088023088025
2021.08.13,15:15:00,Motor Cycle,Ginigathena Market,Excessive Speed,"6.9889, 80.4921",Collision with van,2021-08-13 15:15:00,23.8,96,0.3,7.8,6.9889,80.4921,2021-08-13 15:15:00,15,4,0,1,6.989,80.492,6.989_80.492,1,0.4256854256854257
2021.08.22,20:50:00,Motor Cycle,Kadawala School,Excessive Speed,"6.9775, 80.5040",hit a pedestrian,2021-08-22 20:50:00,20.7,95,0.0,3.6,6.9775,80.504,2021-08-22 20:50:00,20,6,1,0,6.978,80.504,6.978_80.504,1,0.39833711262282695
2021.08.26,08:50:00,Three Wheeler,Ambagamuwa 9/4 Culvert,Slipped,"7.016803, 80.492307",Skidded on oil,2021-08-26 08:50:00,22.1,99,0.2,8.4,7.016803,80.492307,2021-08-26 08:50:00,8,3,0,1,7.017,80.492,7.017_80.492,0,0.35071806500377933
2021.09.08,13:25:00,Van,Kadawala 55/11 Culvert,Excessive Speed,"6.978646, 80.502325",Hit barrier,2021-09-08 13:25:00,24.2,84,1.0,9.7,6.978646,80.502325,2021-09-08 13:25:00,13,2,0,1,6.979,80.502,6.979_80.502,1,0.4256854256854257
2021.09.21,18:00:00,Car,Rampadeniya 51/6 Culvert,Slipped,"6.997421, 80.477024",Turn over,2021-09-21 18:00:00,21.4,95,0.1,5.1,6.997421,80.477024,2021-09-21 18:00:00,18,1,0,0,6.997,80.477,6.997_80.477,0,0.35071806500377933
2021.09.22,10:00:00,Motor Cycle,Ambagamuwa Temple,Slipped,"7.018978, 80.493822",,2021-09-22 10:00:00,24.7,83,0.3,6.6,7.018978,80.493822,2021-09-22 10:00:00,10,2,0,1,7.019,80.494,7.019_80.494,0,0.35071806500377933
2021.10.04,10:35:00,Bus,Ginigathena Hospital,Excessive Speed,"6.9924, 80.4886",Hit ambulance,2021-10-04 10:35:00,24.1,92,0.1,9.7,6.9924,80.4886,2021-10-04 10:35:00,10,0,0,0,6.992,80.489,6.992_80.489,1,0.39833711262282695
2021.10.17,19:10:00,Lorry,Bagathuluwa 11/4 Culvert,Mechanical Error,"6.999472, 80.490629",Brake failure,2021-10-17 19:10:00,21.4,95,0.0,5.9,6.999472,80.490629,2021-10-17 19:10:00,19,6,1,0,6.999,80.491,6.999_80.491,0,0.3347763347763348
2021.10.25,16:30:00,Three Wheeler / Lorry,Badupola 50km Marker,Excessive Speed,"6.9918482, 80.4571",hit with a car,2021-10-25 16:30:00,22.3,90,0.2,2.8,6.9918482,80.4571,2021-10-25 16:30:00,16,0,0,1,6.992,80.457,6.992_80.457,1,0.39833711262282695
2021.10.30,11:45:00,Motor Cycle,Green View Hotel,Slipped,"6.9903, 80.4908",Fell on curve,2021-10-30 11:45:00,23.2,94,0.6,3.6,6.9903,80.4908,2021-10-30 11:45:00,11,5,1,1,6.99,80.491,6.99_80.491,0,0.35071806500377933
2021.11.11,06:10:00,Lorry,Bagathuluwa 11/4 Culvert,,"6.999472, 80.490629",out of control,2021-11-11 06:10:00,21.2,89,0.0,4.0,6.999472,80.490629,2021-11-11 06:10:00,6,3,0,0,6.999,80.491,6.999_80.491,0,0.35071806500377933
2021.11.12,22:20:00,Three Wheeler,Ambagamuwa Temple,Excessive Speed,"7.0189, 80.4938",Hit cyclist,2021-11-12 22:20:00,20.3,95,0.0,5.0,7.0189,80.4938,2021-11-12 22:20:00,22,4,0,0,7.019,80.494,7.019_80.494,1,0.4256854256854257
2021.11.20,03:00:00,Jeep,Arogya Medical Center,,"6.989637, 80.491742",driver fell asleep,2021-11-20 03:00:00,20.6,99,0.3,7.5,6.989637,80.491742,2021-11-20 03:00:00,3,5,1,1,6.99,80.492,6.99_80.492,0,0.35071806500377933
2021.11.25,15:55:00,Van,Kithulvila Hotel,Slipped,"6.9939, 80.4469",Turn over,2021-11-25 15:55:00,22.2,92,0.2,7.1,6.9939,80.4469,2021-11-25 15:55:00,15,3,0,1,6.994,80.447,6.994_80.447,0,0.3347763347763348
2021.12.08,08:30:00,Car,44km Mark On Ht-colombo Rd,Excessive Speed,"6.993788, 80.445966",Lost control,2021-12-08 08:30:00,24.4,71,0.0,4.3,6.993788,80.445966,2021-12-08 08:30:00,8,2,0,0,6.994,80.446,6.994_80.446,1,0.4256854256854257
2021.12.10,11:30:00,Bus / Motor Cycle,Rampadeniya 51/11 Culvert,Excessive Speed,"6.996108, 80.480098",hit a man,2021-12-10 11:30:00,26.0,73,0.2,7.8,6.996108,80.480098,2021-12-10 11:30:00,11,4,0,1,6.996,80.48,6.996_80.48,1,0.39833711262282695
2021.12.13,16:30:00,Lorry,800 M From Ginigathena (towards Hatton),,"6.985993, 80.496711",Turn over,2021-12-13 16:30:00,22.0,94,7.1,5.1,6.985993,80.496711,2021-12-13 16:30:00,16,0,0,1,6.986,80.497,6.986_80.497,0,0.35071806500377933
2021.12.15,10:20:00,Three Wheeler,Bagathuluwa Temple,,"7.003902, 80.489918",hit with a car,2021-12-15 10:20:00,24.4,80,0.1,3.8,7.003902,80.489918,2021-12-15 10:20:00,10,2,0,0,7.004,80.49,7.004_80.49,0,0.35071806500377933
2021.12.21,13:05:00,Bus,Diyagala 57/8 Culvert,Slipped,"6.978656, 80.503532",Skidded on wet road,2021-12-21 13:05:00,25.6,80,0.2,4.9,6.978656,80.503532,2021-12-21 13:05:00,13,1,0,1,6.979,80.504,6.979_80.504,0,0.3347763347763348
2022.01.03,16:40:00,Lorry,Ranjurawa 49/4 Culvert,Excessive Speed,"6.994455, 80.465674",Hit electricity pole,2022-01-03 16:40:00,23.6,80,1.0,4.1,6.994455,80.465674,2022-01-03 16:40:00,16,0,0,1,6.994,80.466,6.994_80.466,1,0.4256854256854257
2022.01.08,17:45:00,Three Wheeler,Millagahamula Yakada Palama,,"6.991377, 80.461838",out of control,2022-01-08 17:45:00,23.9,77,0.2,1.8,6.991377,80.461838,2022-01-08 17:45:00,17,5,1,1,6.991,80.462,6.991_80.462,0,0.35071806500377933
2022.01.10,08:20:00,Three Wheeler,Ginigathena Market,Slipped,"6.9889, 80.4921",Turn over,2022-01-10 08:20:00,22.0,85,0.1,2.6,6.9889,80.4921,2022-01-10 08:20:00,8,0,0,0,6.989,80.492,6.989_80.492,0,0.35071806500377933
2022.01.16,09:15:00,Motor Cycle,Ginigathena Temple,Slipped,"6.9887, 80.4948",Fell on wet road,2022-01-16 09:15:00,25.3,76,0.0,6.3,6.9887,80.4948,2022-01-16 09:15:00,9,6,1,0,6.989,80.495,6.989_80.495,0,0.35071806500377933
2022.01.17,14:45:00,Bus,Millagahamula Bridge,Excessive Speed,"6.9913, 80.4618",Passenger injured,2022-01-17 14:45:00,25.8,77,0.1,5.0,6.9913,80.4618,2022-01-17 14:45:00,14,0,0,0,6.991,80.462,6.991_80.462,1,0.39833711262282695
2022.01.24,18:30:00,Lorry,Millagahamula Bridge,Mechanical Error,"6.9913, 80.4618",Brake failure,2022-01-24 18:30:00,22.0,81,0.0,2.8,6.9913,80.4618,2022-01-24 18:30:00,18,0,0,0,6.991,80.462,6.991_80.462,0,0.35071806500377933
2022.01.29,20:50:00,Three Wheeler,Arogya Medical Center,Excessive Speed,"6.9896, 80.4917",Hit pedestrian,2022-01-29 20:50:00,21.1,92,0.0,5.6,6.9896,80.4917,2022-01-29 20:50:00,20,5,1,0,6.99,80.492,6.99_80.492,1,0.39833711262282695
2022.01.31,09:15:00,Motor Cycle,Ambagamuwa Hot Roti Store,Excessive Speed,"7.0193, 80.4952",Collision with car,2022-01-31 09:15:00,24.7,78,0.1,6.6,7.0193,80.4952,2022-01-31 09:15:00,9,0,0,0,7.019,80.495,7.019_80.495,1,0.39833711262282695
2022.02.06,18:00:00,Van,Arogya Medical Center,,"6.989637, 80.491742",Hit with a three wheeler,2022-02-06 18:00:00,22.8,73,0.0,5.4,6.989637,80.491742,2022-02-06 18:00:00,18,6,1,0,6.99,80.492,6.99_80.492,0,0.35071806500377933
2022.02.07,16:30:00,Van,Kadawala Baduyir Hotel,Slipped,"6.9774, 80.5039",Skidded on wet road,2022-02-07 16:30:00,25.0,70,0.0,9.1,6.9774,80.5039,2022-02-07 16:30:00,16,0,0,0,6.977,80.504,6.977_80.504,0,0.35071806500377933
2022.02.11,13:25:00,Van,Kalugala Maha Vidyalaya,Slipped,"6.9945, 80.4471",Turn over,2022-02-11 13:25:00,24.0,83,3.9,6.1,6.9945,80.4471,2022-02-11 13:25:00,13,4,0,1,6.994,80.447,6.994_80.447,0,0.35071806500377933
2022.02.14,11:20:00,Car,Pitawala Junction,Excessive Speed,"6.9941, 80.4496",Hit pedestrian,2022-02-14 11:20:00,26.2,71,0.0,6.7,6.9941,80.4496,2022-02-14 11:20:00,11,0,0,0,6.994,80.45,6.994_80.45,1,0.39833711262282695
2022.02.17,20:30:00,Van,Ranjurawa 49/4 Culvert,Slipped,"6.994455, 80.465674",Turn over,2022-02-17 20:30:00,20.5,83,0.0,7.6,6.994455,80.465674,2022-02-17 20:30:00,20,3,0,0,6.994,80.466,6.994_80.466,0,0.35071806500377933
2022.02.21,20:10:00,Three Wheeler,Bagathuluwa Temple,Slipped,"7.0039, 80.4899",Turn over,2022-02-21 20:10:00,22.6,91,0.0,3.1,7.0039,80.4899,2022-02-21 20:10:00,20,0,0,0,7.004,80.49,7.004_80.49,0,0.35071806500377933
2022.02.24,06:00:00,Car,Millagahamula 46/12 Culvert,Excessive Speed,"6.989994, 80.457293",Collision with lorry,2022-02-24 06:00:00,17.4,90,0.0,3.1,6.989994,80.457293,2022-02-24 06:00:00,6,3,0,0,6.99,80.457,6.99_80.457,1,0.39833711262282695
2022.02.28,08:45:00,Bus,Diyagala 57/6 Culvert,Excessive Speed,"6.977227, 80.506114",Out of control,2022-02-28 08:45:00,23.9,63,0.0,1.5,6.977227,80.506114,2022-02-28 08:45:00,8,0,0,0,6.977,80.506,6.977_80.506,1,0.39833711262282695
2022.03.07,13:00:00,Car / Lorry,Kalugala Maha Vidyalaya,Excessive Speed,"6.994512, 80.447164",driver fell asleep,2022-03-07 13:00:00,29.1,51,0.0,9.3,6.994512,80.447164,2022-03-07 13:00:00,13,0,0,0,6.995,80.447,6.995_80.447,1,0.39833711262282695
2022.03.07,13:15:00,Lorry,Rampadeniya 51/9 Culvert,Slipped,"6.995527, 80.478718",Plunged into ditch,2022-03-07 13:15:00,29.1,51,0.0,9.3,6.995527,80.478718,2022-03-07 13:15:00,13,0,0,0,6.996,80.479,6.996_80.479,0,0.35071806500377933
2022.03.09,14:35:00,Bus,Ginigathena Bus Stand,Slipped,"6.9954, 80.4918",Skidded on oil,2022-03-09 14:35:00,30.3,37,0.0,10.9,6.9954,80.4918,2022-03-09 14:35:00,14,2,0,0,6.995,80.492,6.995_80.492,0,0.35071806500377933
2022.03.14,17:50:00,Motor Cycle,Ginigathena Hospital,Excessive Speed,"6.9924, 80.4886",Hit three-wheeler,2022-03-14 17:50:00,25.5,70,0.1,5.4,6.9924,80.4886,2022-03-14 17:50:00,17,0,0,0,6.992,80.489,6.992_80.489,1,0.39833711262282695
2022.03.21,10:30:00,Three Wheeler,Kalugala Maha Vidyalaya,Slipped,"6.9945, 80.4471",Turn over,2022-03-21 10:30:00,26.1,72,0.0,6.9,6.9945,80.4471,2022-03-21 10:30:00,10,0,0,0,6.994,80.447,6.994_80.447,0,0.35071806500377933
2022.03.22,07:10:00,Lorry,Badupola 50km Marker,Mechanical Error,"6.9985, 80.4758",Engine failure,2022-03-22 07:10:00,22.5,82,0.0,6.9,6.9985,80.4758,2022-03-22 07:10:00,7,1,0,0,6.998,80.476,6.998_80.476,0,0.35071806500377933
2022.03.24,16:00:00,Three Wheeler / Cab,Kalugala Maha Vidyalaya,,"6.994563, 80.447144",,2022-03-24 16:00:00,24.4,79,0.0,1.9,6.994563,80.447144,2022-03-24 16:00:00,16,3,0,0,6.995,80.447,6.995_80.447,0,0.35071806500377933
2022.03.25,18:40:00,Car / Motor Cycle,Bagathuluwa Temple,,"7.0039, 80.4899",Turn over,2022-03-25 18:40:00,22.3,94,0.1,3.6,7.0039,80.4899,2022-03-25 18:40:00,18,4,0,0,7.004,80.49,7.004_80.49,0,0.35071806500377933
2022.03.26,13:20:00,Van / Motor Cycle,Ambagamuwa Samurdi Bank,,"7.010875, 80.490356",,2022-03-26 13:20:00,27.5,66,0.0,6.0,7.010875,80.490356,2022-03-26 13:20:00,13,5,1,0,7.011,80.49,7.011_80.49,0,0.35071806500377933
2022.03.26,17:50:00,Bus,Pitawala 48/5 Culvert,,"6.9928006, 80.4519109",,2022-03-26 17:50:00,24.1,79,0.0,3.4,6.9928006,80.4519109,2022-03-26 17:50:00,17,5,1,0,6.993,80.452,6.993_80.452,0,0.3068783068783069
2022.03.26,17:50:00,Bus,Pitawala 48/5 Culvert,,"6.9928006, 80.4519109",,2022-03-26 17:50:00,24.1,79,0.0,3.4,6.9928006,80.4519109,2022-03-26 17:50:00,17,5,1,0,6.993,80.452,6.993_80.452,0,0.3068783068783069
2022.03.26,17:50:00,Bus,Pitawala 48/5 Culvert,,"6.9928006, 80.4519109",,2022-03-26 17:50:00,24.1,79,0.0,3.4,6.9928006,80.4519109,2022-03-26 17:50:00,17,5,1,0,6.993,80.452,6.993_80.452,0,0.3068783068783069
2022.03.26,17:50:00,Bus,Pitawala 48/5 Culvert,,"6.9928006, 80.4519109",,2022-03-26 17:50:00,24.1,79,0.0,3.4,6.9928006,80.4519109,2022-03-26 17:50:00,17,5,1,0,6.993,80.452,6.993_80.452,0,0.3068783068783069
2022.03.28,19:20:00,Van,Ambagamuwa Samurdi Bank,Excessive Speed,"7.010875, 80.490356",Collision with bike,2022-03-28 19:20:00,22.6,93,0.0,1.4,7.010875,80.490356,2022-03-28 19:20:00,19,0,0,0,7.011,80.49,7.011_80.49,1,0.39833711262282695
2022.04.04,07:45:00,Car,Badupola 50km Marker,Slipped,"6.9984, 80.4757",Skidded on oil,2022-04-04 07:45:00,22.5,91,0.0,2.4,6.9984,80.4757,2022-04-04 07:45:00,7,0,0,0,6.998,80.476,6.998_80.476,0,0.35071806500377933
2022.04.04,12:45:00,Motor Cycle,Ambagamuwa 9/5 Culvert,Excessive Speed,"7.017119, 80.492386",Hit three-wheeler,2022-04-04 12:45:00,25.7,78,0.4,5.2,7.017119,80.492386,2022-04-04 12:45:00,12,0,0,1,7.017,80.492,7.017_80.492,1,0.4256854256854257
2022.04.11,14:10:00,Bus,Hatton Road 57km,Excessive Speed,"6.9693, 80.5131",Hit barrier,2022-04-11 14:10:00,24.1,91,0.3,7.4,6.9693,80.5131,2022-04-11 14:10:00,14,0,0,1,6.969,80.513,6.969_80.513,1,0.39833711262282695
2022.04.17,17:20:00,Three Wheeler,Ginigathena Market,Slipped,"6.9889, 80.4921",Turn over,2022-04-17 17:20:00,23.7,81,0.1,4.0,6.9889,80.4921,2022-04-17 17:20:00,17,6,1,0,6.989,80.492,6.989_80.492,0,0.35071806500377933
2022.04.27,01:10:00,Car,Millagahamula Wasana Hotel,,"6.9918482, 80.4571194",turn over,2022-04-27 01:10:00,21.9,92,0.0,2.2,6.9918482,80.4571194,2022-04-27 01:10:00,1,2,0,0,6.992,80.457,6.992_80.457,0,0.35071806500377933
2022.04.30,10:55:00,Van,Diyagala 56/2 Culvert,Excessive Speed,"6.976911, 80.503590",Lost control,2022-04-30 10:55:00,25.8,79,0.3,6.2,6.976911,80.50359,2022-04-30 10:55:00,10,5,1,1,6.977,80.504,6.977_80.504,1,0.4256854256854257
2022.05.13,21:30:00,Car,Rampadeniya 51/11 Culvert,Slipped,"6.9961, 80.4800",Skidded on gravel,2022-05-13 21:30:00,21.2,100,3.7,9.3,6.9961,80.48,2022-05-13 21:30:00,21,4,0,1,6.996,80.48,6.996_80.48,0,0.35071806500377933
2022.05.26,14:05:00,Bus,Kadawala 55/13 Culvert,Excessive Speed,"6.977741, 80.503269",Hit tree,2022-05-26 14:05:00,23.8,89,1.1,13.3,6.977741,80.503269,2022-05-26 14:05:00,14,3,0,1,6.978,80.503,6.978_80.503,1,0.4256854256854257
2022.06.08,07:40:00,Lorry,Millagahamula Wasana Hotel,Slipped,"6.9918, 80.4571",Turn over,2022-06-08 07:40:00,22.3,91,0.1,7.7,6.9918,80.4571,2022-06-08 07:40:00,7,2,0,0,6.992,80.457,6.992_80.457,0,0.35071806500377933
2022.06.21,16:15:00,Motor Cycle,Ambagamuwa Samurdi Bank,Excessive Speed,"7.010875, 80.490356",Collision with car,2022-06-21 16:15:00,22.8,83,0.4,6.9,7.010875,80.490356,2022-06-21 16:15:00,16,1,0,1,7.011,80.49,7.011_80.49,1,0.39833711262282695
2022.06.22,15:50:00,Motor Cycle,Rampadeniya 51/6 Culvert,,"6.997421, 80.477024",turn over,2022-06-22 15:50:00,24.1,80,0.2,9.2,6.997421,80.477024,2022-06-22 15:50:00,15,2,0,1,6.997,80.477,6.997_80.477,0,0.35071806500377933
2022.07.04,09:50:00,Three Wheeler,Ginigathena Police Station,Slipped,"6.9890, 80.4940",Fell on wet road,2022-07-04 09:50:00,23.9,80,0.0,10.7,6.989,80.494,2022-07-04 09:50:00,9,0,0,0,6.989,80.494,6.989_80.494,0,0.3347763347763348
2022.07.17,22:25:00,Van,Pitawala Junction,Excessive Speed,"6.9941, 80.4496",Hit barrier,2022-07-17 22:25:00,21.6,98,0.1,5.6,6.9941,80.4496,2022-07-17 22:25:00,22,6,1,0,6.994,80.45,6.994_80.45,1,0.4256854256854257
2022.07.30,15:00:00,Car,Diyagala 57/9 Culvert,Slipped,"6.955723, 80.527169",Skidded on oil,2022-07-30 15:00:00,22.4,96,0.9,3.9,6.955723,80.527169,2022-07-30 15:00:00,15,5,1,1,6.956,80.527,6.956_80.527,0,0.3347763347763348
2022.08.12,08:35:00,Bus,Bagathuluwa Temple,Excessive Speed,"7.0039, 80.4899",Hit wall,2022-08-12 08:35:00,23.7,85,0.1,6.4,7.0039,80.4899,2022-08-12 08:35:00,8,4,0,0,7.004,80.49,7.004_80.49,1,0.4256854256854257
2022.08.25,13:10:00,Lorry,Ambagamuwa Hot Roti Store,Slipped,"7.0193, 80.4952",Turn over,2022-08-25 13:10:00,23.3,83,1.0,10.9,7.0193,80.4952,2022-08-25 13:10:00,13,3,0,1,7.019,80.495,7.019_80.495,0,0.3347763347763348
2022.08.26,12:30:00,Van,Ambagamuwa Temple,Slipped,"7.018978, 80.493822",,2022-08-26 12:30:00,22.7,90,2.6,10.3,7.018978,80.493822,2022-08-26 12:30:00,12,4,0,1,7.019,80.494,7.019_80.494,0,0.35071806500377933
2022.08.29,17:00:00,Lorry,Ranjurawa Jeewani Motors,,"6.998065, 80.467209",Turn over,2022-08-29 17:00:00,22.4,92,0.2,7.9,6.998065,80.467209,2022-08-29 17:00:00,17,0,0,1,6.998,80.467,6.998_80.467,0,0.35071806500377933
2022.09.07,18:45:00,Motor Cycle,Kadawala Baduyir Hotel,Excessive Speed,"6.9774, 80.5039",Collision with three-wheeler,2022-09-07 18:45:00,21.1,94,0.3,6.6,6.9774,80.5039,2022-09-07 18:45:00,18,2,0,1,6.977,80.504,6.977_80.504,1,0.4256854256854257
2022.09.13,18:40:00,Motor Cycle,Arogya Medical Center,,"6.989637, 80.491742",Turn over,2022-09-13 18:40:00,22.0,97,0.1,4.6,6.989637,80.491742,2022-09-13 18:40:00,18,1,0,0,6.99,80.492,6.99_80.492,0,0.35071806500377933
2022.09.20,11:20:00,Three Wheeler,Ginigathena Hospital,Slipped,"6.9924, 80.4886",Skidded on wet road,2022-09-20 11:20:00,24.2,85,0.7,10.4,6.9924,80.4886,2022-09-20 11:20:00,11,1,0,1,6.992,80.489,6.992_80.489,0,0.3347763347763348
2022.09.23,05:30:00,Lorry,Kadawala 55/13 Culvert,,"6.977741, 80.503269",Turn over,2022-09-23 05:30:00,19.8,95,0.0,4.7,6.977741,80.503269,2022-09-23 05:30:00,5,4,0,0,6.978,80.503,6.978_80.503,0,0.35071806500377933
2022.09.25,19:30:00,Cab / Car / Three Wheeler,Ambagamuwa 9/4 Culvert,,"7.016803, 80.492307",,2022-09-25 19:30:00,21.5,93,1.4,2.3,7.016803,80.492307,2022-09-25 19:30:00,19,6,1,1,7.017,80.492,7.017_80.492,0,0.35071806500377933
2022.10.03,20:55:00,Van,Laxapana Bata Deka,Excessive Speed,"6.9780, 80.4587",Lost control,2022-10-03 20:55:00,20.7,98,0.6,6.4,6.978,80.4587,2022-10-03 20:55:00,20,0,0,1,6.978,80.459,6.978_80.459,1,0.4256854256854257
2022.10.16,09:30:00,Car,Millagahamula Bridge,Slipped,"6.9913, 80.4618",Turn over,2022-10-16 09:30:00,23.7,87,0.3,9.8,6.9913,80.4618,2022-10-16 09:30:00,9,6,1,1,6.991,80.462,6.991_80.462,0,0.35071806500377933
2022.10.22,10:30:00,Three Wheeler,Anura Hardware,Excessive Speed,"6.989214, 80.492826",hit a child,2022-10-22 10:30:00,23.8,81,0.2,5.4,6.989214,80.492826,2022-10-22 10:30:00,10,5,1,1,6.989,80.493,6.989_80.493,1,0.39833711262282695
2022.10.23,15:50:00,Car,Ambagamuwa 9/9 Culvert,Slipped,"7.019383, 80.497491",,2022-10-23 15:50:00,21.5,96,1.9,6.8,7.019383,80.497491,2022-10-23 15:50:00,15,6,1,1,7.019,80.497,7.019_80.497,0,0.35071806500377933
2022.10.26,21:45:00,Lorry,Pitawala 48/5 Culvert,Slipped,"6.9928006, 80.4519109",plunged into a precipice,2022-10-26 21:45:00,22.2,83,0.0,3.2,6.9928006,80.4519109,2022-10-26 21:45:00,21,2,0,0,6.993,80.452,6.993_80.452,0,0.35071806500377933
2022.10.27,20:30:00,Lorry,Miyora Hotel,Slipped,"6.9903, 80.4352",accident,2022-10-27 20:30:00,20.5,95,0.0,4.0,6.9903,80.4352,2022-10-27 20:30:00,20,3,0,0,6.99,80.435,6.99_80.435,0,0.35071806500377933
2022.10.29,14:05:00,Bus,Badupola 50km Marker,Excessive Speed,"6.9984, 80.4757",Hit tree,2022-10-29 14:05:00,25.3,74,0.1,5.8,6.9984,80.4757,2022-10-29 14:05:00,14,5,1,0,6.998,80.476,6.998_80.476,1,0.4256854256854257
2022.11.03,12:50:00,Bus,Ambagamuwa (sellipiya),Excessive Speed,"7.020793, 80.498404",hit a woman,2022-11-03 12:50:00,23.2,84,0.8,7.5,7.020793,80.498404,2022-11-03 12:50:00,12,3,0,1,7.021,80.498,7.021_80.498,1,0.39833711262282695
2022.11.08,15:30:00,Three Wheeler,Miyora Hotel,Excessive Speed,"6.9903, 80.4352",accident,2022-11-08 15:30:00,22.5,88,1.4,1.8,6.9903,80.4352,2022-11-08 15:30:00,15,1,0,1,6.99,80.435,6.99_80.435,1,0.39833711262282695
2022.11.11,17:40:00,Lorry,Miyora Hotel,Slipped,"6.9903, 80.4352",Skidded on oil,2022-11-11 17:40:00,20.5,98,3.6,0.5,6.9903,80.4352,2022-11-11 17:40:00,17,4,0,1,6.99,80.435,6.99_80.435,0,0.3347763347763348
2022.11.15,15:30:00,Three Wheeler / Bike,Millagahamula 46/12 Culvert,,"6.989994, 80.457293",accident,2022-11-15 15:30:00,24.1,80,0.1,1.0,6.989994,80.457293,2022-11-15 15:30:00,15,1,0,0,6.99,80.457,6.99_80.457,0,0.35071806500377933
2022.11.24,10:15:00,Motor Cycle,Weralugashandiya,Excessive Speed,"6.9805, 80.4823",Collision with van,2022-11-24 10:15:00,24.3,75,0.0,8.0,6.9805,80.4823,2022-11-24 10:15:00,10,3,0,0,6.98,80.482,6.98_80.482,1,0.4256854256854257
2022.11.26,23:00:00,Three Wheeler,Santhusha Traders,,"6.992447, 80.465114",turn over,2022-11-26 23:00:00,19.3,92,0.0,1.9,6.992447,80.465114,2022-11-26 23:00:00,23,5,1,0,6.992,80.465,6.992_80.465,0,0.35071806500377933
2022.12.07,16:45:00,Three Wheeler,Rampadeniya 51/11 Culvert,Excessive Speed,"6.996108, 80.480098",accident,2022-12-07 16:45:00,21.4,87,0.0,2.6,6.996108,80.480098,2022-12-07 16:45:00,16,2,0,0,6.996,80.48,6.996_80.48,1,0.39833711262282695
2022.12.07,19:50:00,Three Wheeler,Bagathuluwa Ceb Office,Slipped,"7.0107, 80.4921",Turn over,2022-12-07 19:50:00,19.4,72,0.0,4.5,7.0107,80.4921,2022-12-07 19:50:00,19,2,0,0,7.011,80.492,7.011_80.492,0,0.3347763347763348
2022.12.20,12:25:00,Van,Millagahamula Dinuwara Stores,Excessive Speed,"6.9894, 80.4561",Hit parked car,2022-12-20 12:25:00,26.5,69,0.0,7.2,6.9894,80.4561,2022-12-20 12:25:00,12,1,0,0,6.989,80.456,6.989_80.456,1,0.4256854256854257
2023.01.02,05:00:00,Car,Ginigathena Police Station,Slipped,"6.9890, 80.4940",Fell on wet road,2023-01-02 05:00:00,12.5,83,0.0,5.2,6.989,80.494,2023-01-02 05:00:00,5,0,0,0,6.989,80.494,6.989_80.494,0,0.3347763347763348
2023.01.15,15:35:00,Bus,Kadawala School,Excessive Speed,"6.9774, 80.5039",Hit wall,2023-01-15 15:35:00,23.5,78,0.4,1.8,6.9774,80.5039,2023-01-15 15:35:00,15,6,1,1,6.977,80.504,6.977_80.504,1,0.4256854256854257
2023.01.26,05:30:00,Lorry,Badupola 48km-49km,,"6.993847, 80.484030",,2023-01-26 05:30:00,18.2,82,0.0,2.1,6.993847,80.48403,2023-01-26 05:30:00,5,3,0,0,6.994,80.484,6.994_80.484,0,0.35071806500377933
2023.01.28,08:10:00,Lorry,Pitawala Sub Post Office,Slipped,"6.9919, 80.4463",Turn over,2023-01-28 08:10:00,23.1,72,0.0,1.8,6.9919,80.4463,2023-01-28 08:10:00,8,5,1,0,6.992,80.446,6.992_80.446,0,0.35071806500377933
2023.02.05,05:30:00,Three Wheeler / Van,Ginigathena-n.pitiy Rd #58/3 Culvert,"Slipped, Excessive Speed","7.019305, 80.4952",hit a child,2023-02-05 05:30:00,20.9,87,0.0,5.4,7.019305,80.4952,2023-02-05 05:30:00,5,6,1,0,7.019,80.495,7.019_80.495,1,0.39833711262282695
2023.02.07,11:00:00,Three Wheeler,Horakada Rd,Slipped,"6.996714, 80.465916",,2023-02-07 11:00:00,23.7,90,1.2,6.5,6.996714,80.465916,2023-02-07 11:00:00,11,1,0,1,6.997,80.466,6.997_80.466,0,0.35071806500377933
2023.02.10,21:45:00,Motor Cycle,Ambagamuwa Temple,Excessive Speed,"7.0189, 80.4938",Collision with bus,2023-02-10 21:45:00,19.5,86,0.0,3.4,7.0189,80.4938,2023-02-10 21:45:00,21,4,0,0,7.019,80.494,7.019_80.494,1,0.39833711262282695
2023.02.16,13:30:00,Bus,Minelium Vine Store,,"6.984194, 80.500233",accident,2023-02-16 13:30:00,25.5,68,0.0,9.1,6.984194,80.500233,2023-02-16 13:30:00,13,3,0,0,6.984,80.5,6.984_80.5,0,0.35071806500377933
2023.02.23,14:20:00,Three Wheeler,Green View Hotel,Slipped,"6.9903, 80.4908",Hit pedestrian,2023-02-23 14:20:00,25.1,72,0.2,4.7,6.9903,80.4908,2023-02-23 14:20:00,14,3,0,1,6.99,80.491,6.99_80.491,0,0.3347763347763348
2023.02.26,14:45:00,Motor Cycle,Ginigathena Temple,,"6.988719, 80.494846",hit a man,2023-02-26 14:45:00,25.6,71,0.0,9.4,6.988719,80.494846,2023-02-26 14:45:00,14,6,1,0,6.989,80.495,6.989_80.495,0,0.35071806500377933
2023.03.05,14:10:00,Three Wheeler,6km From Ginigathena (towards Nawalapitiya),,"7.019318, 80.497150",accident,2023-03-05 14:10:00,24.5,83,0.6,8.6,7.019318,80.49715,2023-03-05 14:10:00,14,6,1,1,7.019,80.497,7.019_80.497,0,0.35071806500377933
2023.03.08,07:55:00,Van,Laxapana Bata Deka,Excessive Speed,"6.9780, 80.4587",Lost control,2023-03-08 07:55:00,19.1,91,0.0,4.6,6.978,80.4587,2023-03-08 07:55:00,7,2,0,0,6.978,80.459,6.978_80.459,1,0.39833711262282695
2023.03.21,15:30:00,Cab / Bus,Diyagala 57/7 Culvert,,"6.979471, 80.503557",accident,2023-03-21 15:30:00,26.0,79,0.0,3.3,6.979471,80.503557,2023-03-21 15:30:00,15,1,0,0,6.979,80.504,6.979_80.504,0,0.35071806500377933
2023.03.21,16:30:00,Car,Badupola School,Slipped,"7.0000, 80.4733",Skidded on wet road,2023-03-21 16:30:00,22.9,87,2.7,5.9,7.0,80.4733,2023-03-21 16:30:00,16,1,0,1,7.0,80.473,7.0_80.473,0,0.35071806500377933
2023.03.30,10:30:00,Lorry,Kenilworth State,Slipped,"6.993878, 80.485952",Turn over,2023-03-30 10:30:00,26.2,76,0.0,6.1,6.993878,80.485952,2023-03-30 10:30:00,10,3,0,0,6.994,80.486,6.994_80.486,0,0.35071806500377933
2023.04.03,09:05:00,Bus,Diyagala 57/7 Culvert,Excessive Speed,"6.979471, 80.503557",Hit tree,2023-04-03 09:05:00,25.3,79,0.0,4.0,6.979471,80.503557,2023-04-03 09:05:00,9,0,0,0,6.979,80.504,6.979_80.504,1,0.39833711262282695
2023.04.03,09:45:00,Three Wheeler,Pareyiyagala,Slipped,"6.992298, 80.454162",accident,2023-04-03 09:45:00,25.3,79,0.0,4.0,6.992298,80.454162,2023-04-03 09:45:00,9,0,0,0,6.992,80.454,6.992_80.454,0,0.3347763347763348
2023.04.09,11:30:00,Three Wheeler / Van,Ag Office,,"6.984348, 80.498364",accident,2023-04-09 11:30:00,26.3,73,0.1,8.3,6.984348,80.498364,2023-04-09 11:30:00,11,6,1,0,6.984,80.498,6.984_80.498,0,0.35071806500377933
2023.04.16,22:40:00,Lorry,Millagahamula 48/4 Culvert,Slipped,"6.991344, 80.460638",Turn over,2023-04-16 22:40:00,20.6,91,0.0,2.7,6.991344,80.460638,2023-04-16 22:40:00,22,6,1,0,6.991,80.461,6.991_80.461,0,0.3347763347763348
2023.04.21,16:00:00,Bus,Diyagala 56/2 Culvert,Slipped,"6.976911, 80.503590",accident,2023-04-21 16:00:00,24.9,83,0.1,8.9,6.976911,80.50359,2023-04-21 16:00:00,16,4,0,0,6.977,80.504,6.977_80.504,0,0.35071806500377933
2023.04.29,15:15:00,Motor Cycle,Ginigathena Market,Excessive Speed,"6.9889, 80.4921",Collision with van,2023-04-29 15:15:00,23.3,92,0.4,5.1,6.9889,80.4921,2023-04-29 15:15:00,15,5,1,1,6.989,80.492,6.989_80.492,1,0.4256854256854257
2023.05.12,08:50:00,Three Wheeler,Ambagamuwa 9/4 Culvert,Slipped,"7.016803, 80.492307",Skidded on oil,2023-05-12 08:50:00,23.6,92,0.1,11.0,7.016803,80.492307,2023-05-12 08:50:00,8,4,0,0,7.017,80.492,7.017_80.492,0,0.35071806500377933
2023.05.25,13:25:00,Van,Kadawala 55/11 Culvert,Excessive Speed,"6.978646, 80.502325",Hit barrier,2023-05-25 13:25:00,26.1,81,1.0,10.9,6.978646,80.502325,2023-05-25 13:25:00,13,3,0,1,6.979,80.502,6.979_80.502,1,0.4256854256854257
2023.06.06,11:10:00,Three Wheeler,Kenilworth State,,"6.993878, 80.485952",hit a man,2023-06-06 11:10:00,24.8,94,0.2,11.7,6.993878,80.485952,2023-06-06 11:10:00,11,1,0,1,6.994,80.486,6.994_80.486,0,0.35071806500377933
2023.06.07,18:00:00,Car,Rampadeniya 51/6 Culvert,Slipped,"6.997421, 80.477024",Turn over,2023-06-07 18:00:00,22.0,98,0.2,4.8,6.997421,80.477024,2023-06-07 18:00:00,18,2,0,1,6.997,80.477,6.997_80.477,0,0.35071806500377933
2023.06.13,07:20:00,Three Wheeler,Kadawala 56/3 Culvert,Slipped,"6.971698, 80.511317",out of control,2023-06-13 07:20:00,23.4,90,0.0,9.2,6.971698,80.511317,2023-06-13 07:20:00,7,1,0,0,6.972,80.511,6.972_80.511,0,0.35071806500377933
2023.06.20,10:35:00,Bus,Ginigathena Hospital,Excessive Speed,"6.9924, 80.4886",Hit ambulance,2023-06-20 10:35:00,24.8,87,0.2,12.5,6.9924,80.4886,2023-06-20 10:35:00,10,1,0,1,6.992,80.489,6.992_80.489,1,0.39833711262282695
2023.07.03,16:50:00,Three Wheeler,Kadawala 55/11 Culvert,Excessive Speed,"6.978646, 80.502325",plunged into a precipice,2023-07-03 16:50:00,22.9,91,1.5,5.9,6.978646,80.502325,2023-07-03 16:50:00,16,0,0,1,6.979,80.502,6.979_80.502,1,0.39833711262282695
2023.07.03,19:10:00,Lorry,Bagathuluwa 11/4 Culvert,Mechanical Error,"6.999472, 80.490629",Brake failure,2023-07-03 19:10:00,21.1,93,0.0,4.4,6.999472,80.490629,2023-07-03 19:10:00,19,0,0,0,6.999,80.491,6.999_80.491,0,0.3347763347763348
2023.07.09,17:00:00,Three Wheeler,Ranjurawa 49km,Slipped,"6.996191, 80.465492",Turn over,2023-07-09 17:00:00,22.9,87,0.2,6.4,6.996191,80.465492,2023-07-09 17:00:00,17,6,1,1,6.996,80.465,6.996_80.465,0,0.35071806500377933
2023.07.16,11:45:00,Motor Cycle,Hatton Road 57km,Slipped,"6.9693, 80.5131",Fell on curve,2023-07-16 11:45:00,25.0,85,0.4,11.9,6.9693,80.5131,2023-07-16 11:45:00,11,6,1,1,6.969,80.513,6.969_80.513,0,0.35071806500377933
2023.07.28,14:31:00,Three Wheeler,Ranjurawa Samantha Garaj,Slipped,"6.997515, 80.466968",Turn over,2023-07-28 14:31:00,26.1,78,0.1,11.3,6.997515,80.466968,2023-07-28 14:31:00,14,4,0,0,6.998,80.467,6.998_80.467,0,0.35071806500377933
2023.07.29,22:20:00,Three Wheeler,Ambagamuwa Temple,Excessive Speed,"7.0189, 80.4938",Hit cyclist,2023-07-29 22:20:00,21.3,93,0.0,4.8,7.0189,80.4938,2023-07-29 22:20:00,22,5,1,0,7.019,80.494,7.019_80.494,1,0.4256854256854257
2023.08.03,20:25:00,Three Wheeler,Diyagala 55km,,"6.976987, 80.503231",hit a man,2023-08-03 20:25:00,22.2,95,0.1,5.2,6.976987,80.503231,2023-08-03 20:25:00,20,3,0,0,6.977,80.503,6.977_80.503,0,0.35071806500377933
2023.08.11,15:55:00,Van,Kithulvila Hotel,Slipped,"6.9939, 80.4469",Turn over,2023-08-11 15:55:00,24.4,81,2.0,7.7,6.9939,80.4469,2023-08-11 15:55:00,15,4,0,1,6.994,80.447,6.994_80.447,0,0.3347763347763348
2023.08.24,08:30:00,Car,44km Mark On Ht-colombo Rd,Excessive Speed,"6.993788, 80.445966",Lost control,2023-08-24 08:30:00,24.1,80,0.0,8.4,6.993788,80.445966,2023-08-24 08:30:00,8,3,0,0,6.994,80.446,6.994_80.446,1,0.4256854256854257
2023.09.06,13:05:00,Bus,Diyagala 57/8 Culvert,Slipped,"6.978656, 80.503532",Skidded on wet road,2023-09-06 13:05:00,23.0,91,0.8,12.6,6.978656,80.503532,2023-09-06 13:05:00,13,2,0,1,6.979,80.504,6.979_80.504,0,0.3347763347763348
2023.09.19,16:40:00,Lorry,Ranjurawa 49/4 Culvert,Excessive Speed,"6.994455, 80.465674",Hit electricity pole,2023-09-19 16:40:00,22.4,96,0.2,6.1,6.994455,80.465674,2023-09-19 16:40:00,16,1,0,1,6.994,80.466,6.994_80.466,1,0.4256854256854257
2023.09.21,13:50:00,Car / Lorry,Ambagamuwa Temple,,"7.018978, 80.493822",accident,2023-09-21 13:50:00,26.1,75,0.4,10.8,7.018978,80.493822,2023-09-21 13:50:00,13,3,0,1,7.019,80.494,7.019_80.494,0,0.35071806500377933
2023.09.27,13:10:00,Motor Cycle,Pitawala Junction,Slipped,"6.994179, 80.449670",slipped due to rain,2023-09-27 13:10:00,22.3,93,3.2,11.6,6.994179,80.44967,2023-09-27 13:10:00,13,2,0,1,6.994,80.45,6.994_80.45,0,0.35071806500377933
2023.10.02,09:15:00,Motor Cycle,Ginigathena Temple,Slipped,"6.9887, 80.4948",Fell on wet road,2023-10-02 09:15:00,24.7,82,0.3,10.7,6.9887,80.4948,2023-10-02 09:15:00,9,0,0,1,6.989,80.495,6.989_80.495,0,0.35071806500377933
2023.11.06,12:40:00,Bus,Ginigathena Hospital,Slipped,"6.992444, 80.488624",bus sliiped and hit a lorry,2023-11-06 12:40:00,23.3,97,1.8,1.8,6.992444,80.488624,2023-11-06 12:40:00,12,0,0,1,6.992,80.489,6.992_80.489,0,0.38023088023088025
2023.11.15,12:30:00,Three Wheeler,Millagahamula 46/14 Culvert,Slipped,"6.991582, 80.456975",Turn over,2023-11-15 12:30:00,25.0,88,0.1,6.6,6.991582,80.456975,2023-11-15 12:30:00,12,2,0,0,6.992,80.457,6.992_80.457,0,0.35071806500377933
2023.11.19,14:00:00,Three Wheeler,Ambathalawa,,"6.961928, 80.505522",Turn over,2023-11-19 14:00:00,22.8,96,9.8,6.3,6.961928,80.505522,2023-11-19 14:00:00,14,6,1,1,6.962,80.506,6.962_80.506,0,0.35071806500377933
2023.11.22,19:45:00,Bus,Ginigathena Hospital,Excessive Speed,"6.9924, 80.4886",hit pole,2023-11-22 19:45:00,21.7,100,1.2,5.8,6.9924,80.4886,2023-11-22 19:45:00,19,2,0,1,6.992,80.489,6.992_80.489,1,0.39833711262282695
2023.11.29,07:20:00,Lorry,Kadawala 55/19 Culvert,Mechanical Error,"6.977947, 80.505462",engine failure,2023-11-29 07:20:00,21.5,91,0.0,3.6,6.977947,80.505462,2023-11-29 07:20:00,7,2,0,0,6.978,80.505,6.978_80.505,0,0.35071806500377933
2023.12.06,14:35:00,Motor Cycle,Ambagamuwa Temple,Slipped,"7.0189, 80.4938",fell on curve,2023-12-06 14:35:00,24.8,89,0.2,7.6,7.0189,80.4938,2023-12-06 14:35:00,14,2,0,1,7.019,80.494,7.019_80.494,0,0.35071806500377933
2023.12.13,21:00:00,Van,Diyagala 56/8 Culvert,Excessive Speed,"6.979536, 80.503648",collision with lorry,2023-12-13 21:00:00,22.3,91,0.0,1.6,6.979536,80.503648,2023-12-13 21:00:00,21,2,0,0,6.98,80.504,6.98_80.504,1,0.39833711262282695
2023.12.18,13:25:00,Three Wheeler,Ginigathena Hospital,Excessive Speed,"6.9924, 80.4886",hit pedestrian,2023-12-18 13:25:00,24.2,91,8.8,5.4,6.9924,80.4886,2023-12-18 13:25:00,13,0,0,1,6.992,80.489,6.992_80.489,1,0.39833711262282695
2023.12.20,09:25:00,Car,Pitawala Junction,Slipped,"6.9941, 80.4496",lost control,2023-12-20 09:25:00,24.9,84,0.0,5.7,6.9941,80.4496,2023-12-20 09:25:00,9,2,0,0,6.994,80.45,6.994_80.45,0,0.35071806500377933
2023.12.22,08:50:00,Bus,Ambagamuwa Temple,Slipped,"7.0189, 80.4938",skidded on rain,2023-12-22 08:50:00,24.1,77,0.0,5.4,7.0189,80.4938,2023-12-22 08:50:00,8,4,0,0,7.019,80.494,7.019_80.494,0,0.35071806500377933
2023.12.27,16:50:00,Three Wheeler,Ginigathena Bus Stand,Excessive Speed,"6.9954, 80.4918",hit pedestrian,2023-12-27 16:50:00,25.4,82,0.0,5.6,6.9954,80.4918,2023-12-27 16:50:00,16,2,0,0,6.995,80.492,6.995_80.492,1,0.39833711262282695
2023.12.28,16:15:00,Lorry,Kadawala 55/20 Culvert,Mechanical Failure,"6.977426, 80.506014",brake failure,2023-12-28 16:15:00,24.2,87,2.9,4.0,6.977426,80.506014,2023-12-28 16:15:00,16,3,0,1,6.977,80.506,6.977_80.506,0,0.35071806500377933
2024.01.01,07:30:00,Three Wheeler / Motor Cycle,Green View Hotel,,"6.990389, 80.490848",accident,2024-01-01 07:30:00,22.6,85,0.0,4.1,6.990389,80.490848,2024-01-01 07:30:00,7,0,0,0,6.99,80.491,6.99_80.491,0,0.35071806500377933
2024.01.26,12:20:00,Van,Hotel Breetas Garden,,"6.990621, 80.465391",Turn over,2024-01-26 12:20:00,26.5,66,0.0,6.0,6.990621,80.465391,2024-01-26 12:20:00,12,4,0,0,6.991,80.465,6.991_80.465,0,0.35071806500377933
2024.02.04,15:00:00,Three Wheeler,Millagahamula Dinuwara Stores,,"6.9894, 80.4561",Turn over,2024-02-04 15:00:00,25.3,82,0.3,6.9,6.9894,80.4561,2024-02-04 15:00:00,15,6,1,1,6.989,80.456,6.989_80.456,0,0.35071806500377933
2024.02.18,11:50:00,Bus / Van,Millagahamula 48km,,"6.989480, 80.464919",accident,2024-02-18 11:50:00,27.4,69,0.0,10.1,6.98948,80.464919,2024-02-18 11:50:00,11,6,1,0,6.989,80.465,6.989_80.465,0,0.35071806500377933
2024.02.26,08:10:00,Three Wheeler,Kadawalawaththa Kovil,,"6.994681, 80.483887",accident,2024-02-26 08:10:00,24.3,73,0.0,3.5,6.994681,80.483887,2024-02-26 08:10:00,8,0,0,0,6.995,80.484,6.995_80.484,0,0.35071806500377933
2024.03.05,10:00:00,Bus / Motor Cycle,Ginigathena - Avissawella 48km-49km,,"6.992187, 80.487858",accident,2024-03-05 10:00:00,28.0,51,0.0,7.4,6.992187,80.487858,2024-03-05 10:00:00,10,1,0,0,6.992,80.488,6.992_80.488,0,0.35071806500377933
2024.03.08,23:45:00,Three Wheeler,Ambagamuwa South,,"7.006447, 80.488581",Turn over,2024-03-08 23:45:00,21.0,86,0.0,3.3,7.006447,80.488581,2024-03-08 23:45:00,23,4,0,0,7.006,80.489,7.006_80.489,0,0.35071806500377933
2024.03.09,19:30:00,Three Wheeer,Ginigathena Hospital,,"6.992444, 80.488624",Turn over,2024-03-09 19:30:00,22.9,93,0.0,3.8,6.992444,80.488624,2024-03-09 19:30:00,19,5,1,0,6.992,80.489,6.992_80.489,0,0.35071806500377933
2024.03.16,10:00:00,Three Wheeler,Ginigathena Hospital,,"6.992444, 80.488624",hit a man,2024-03-16 10:00:00,29.1,51,0.0,5.9,6.992444,80.488624,2024-03-16 10:00:00,10,5,1,0,6.992,80.489,6.992_80.489,0,0.35071806500377933
2024.04.01,07:30:00,Lorry / Three Wheeler,Ranjurawa Prashan Hotel,,"6.997281, 80.466712",accident,2024-04-01 07:30:00,23.2,86,0.0,4.5,6.997281,80.466712,2024-04-01 07:30:00,7,0,0,0,6.997,80.467,6.997_80.467,0,0.35071806500377933
2024.04.03,09:45:00,Three Wheeler,Pareyiyagala,Slipped,"6.992298, 80.454162",accident,2024-04-03 09:45:00,26.6,76,0.0,5.2,6.992298,80.454162,2024-04-03 09:45:00,9,2,0,0,6.992,80.454,6.992_80.454,0,0.3347763347763348
2024.04.06,10:30:00,Three Wheeler,Kadawala School,,"6.977475, 80.503988",hit a woman,2024-04-06 10:30:00,28.2,64,0.0,6.1,6.977475,80.503988,2024-04-06 10:30:00,10,5,1,0,6.977,80.504,6.977_80.504,0,0.35071806500377933
2024.04.08,12:00:00,Motor Cycle,Ginigathena Bus Stand,,"6.9954, 80.4918",hit a man,2024-04-08 12:00:00,29.8,56,0.5,6.8,6.9954,80.4918,2024-04-08 12:00:00,12,0,0,1,6.995,80.492,6.995_80.492,0,0.3347763347763348
2024.04.09,13:55:00,Lorry / Three Wheeler,Weralugashandiya,,"6.9805, 80.4823",accident,2024-04-09 13:55:00,31.6,36,0.0,9.7,6.9805,80.4823,2024-04-09 13:55:00,13,1,0,0,6.98,80.482,6.98_80.482,0,0.35071806500377933
2024.04.17,11:30:00,Lorry / Three Wheeler,Hathlaha- Ginigathena Rd,,"6.996422, 80.465544",accident,2024-04-17 11:30:00,28.3,68,0.1,5.1,6.996422,80.465544,2024-04-17 11:30:00,11,2,0,0,6.996,80.466,6.996_80.466,0,0.35071806500377933
2024.04.19,10:10:00,Motor Cycle,"Pedestrian Cross, Peoples Bank, Ginigathena",Excessive Speed,"6.988917, 80.494430",hit a woman,2024-04-19 10:10:00,27.9,70,0.0,5.4,6.988917,80.49443,2024-04-19 10:10:00,10,4,0,0,6.989,80.494,6.989_80.494,1,0.39833711262282695
2024.04.28,15:50:00,Three Wheeler,Kadawala 55/11 Culvert,,"6.978646, 80.502325",Turn over,2024-04-28 15:50:00,26.1,84,0.1,7.4,6.978646,80.502325,2024-04-28 15:50:00,15,6,1,0,6.979,80.502,6.979_80.502,0,0.35071806500377933
2024.05.11,15:45:00,Car / Three Wheeler,Kadawala 56/3 Culvert,,"6.971698, 80.511317",accident,2024-05-11 15:45:00,25.3,80,2.8,5.4,6.971698,80.511317,2024-05-11 15:45:00,15,5,1,1,6.972,80.511,6.972_80.511,0,0.35071806500377933
2024.05.17,09:00:00,Three Wheel,Badupola 50km Marker,Excessive Speed,"6.9984, 80.4757",hit a electricity tower and turn over,2024-05-17 09:00:00,26.5,76,0.0,9.5,6.9984,80.4757,2024-05-17 09:00:00,9,4,0,0,6.998,80.476,6.998_80.476,1,0.39833711262282695
2024.06.11,07:30:00,Bus / Van,Diyagala 57/9 Culvert,,"6.955723, 80.527169",accident,2024-06-11 07:30:00,22.8,94,0.3,11.4,6.955723,80.527169,2024-06-11 07:30:00,7,1,0,1,6.956,80.527,6.956_80.527,0,0.35071806500377933
2024.07.08,23:00:00,Three Wheeler / Lorry,54/3 Kovil,,"6.987879, 80.496028",accident,2024-07-08 23:00:00,21.3,93,0.1,3.5,6.987879,80.496028,2024-07-08 23:00:00,23,0,0,0,6.988,80.496,6.988_80.496,0,0.35071806500377933
2024.08.04,15:30:00,Bus / Motor Cycle,Ginigathena-n.pitiy Rd #58/3 Culvert,,"7.019305, 80.4952",accident,2024-08-04 15:30:00,24.3,88,0.1,6.8,7.019305,80.4952,2024-08-04 15:30:00,15,6,1,0,7.019,80.495,7.019_80.495,0,0.35071806500377933
2024.08.16,12:30:00,Motor Cycle,Ginigathena Bus Stand,,"6.9954, 80.4918",Turn over,2024-08-16 12:30:00,23.9,94,2.0,11.8,6.9954,80.4918,2024-08-16 12:30:00,12,4,0,1,6.995,80.492,6.995_80.492,0,0.3347763347763348
2024.08.16,15:30:00,Bus / Three Wheeler,Ginigathena-n.pitiy Rd #11,,"7.018525, 80.494427",accident,2024-08-16 15:30:00,23.4,94,0.5,10.0,7.018525,80.494427,2024-08-16 15:30:00,15,4,0,1,7.019,80.494,7.019_80.494,0,0.3068783068783069
2024.08.16,15:30:00,Bus / Three Wheeler,Ginigathena-n.pitiy Rd #11,,"7.018525, 80.494427",accident,2024-08-16 15:30:00,23.4,94,0.5,10.0,7.018525,80.494427,2024-08-16 15:30:00,15,4,0,1,7.019,80.494,7.019_80.494,0,0.3068783068783069
2024.08.16,15:30:00,Bus / Three Wheeler,Ginigathena-n.pitiy Rd #11,,"7.018525, 80.494427",accident,2024-08-16 15:30:00,23.4,94,0.5,10.0,7.018525,80.494427,2024-08-16 15:30:00,15,4,0,1,7.019,80.494,7.019_80.494,0,0.3068783068783069
2024.08.16,15:30:00,Bus / Three Wheeler,Ginigathena-n.pitiy Rd #11,,"7.018525, 80.494427",accident,2024-08-16 15:30:00,23.4,94,0.5,10.0,7.018525,80.494427,2024-08-16 15:30:00,15,4,0,1,7.019,80.494,7.019_80.494,0,0.3068783068783069
2024.10.11,08:00:00,Car,Rampadeniya Temple,,"6.997546, 80.476889",plunged into a precipice,2024-10-11 08:00:00,21.8,94,4.5,11.9,6.997546,80.476889,2024-10-11 08:00:00,8,4,0,1,6.998,80.477,6.998_80.477,0,0.35071806500377933
2024.10.18,03:00:00,Car,Millagahamula 46/8 Culvert,Slipped,"6.990452, 80.459595",,2024-10-18 03:00:00,18.7,86,0.0,4.5,6.990452,80.459595,2024-10-18 03:00:00,3,4,0,0,6.99,80.46,6.99_80.46,0,0.35071806500377933
2024.10.19,07:00:00,Lorry,Gcc,Slipped,"6.985637, 80.493485",,2024-10-19 07:00:00,22.8,81,0.0,4.4,6.985637,80.493485,2024-10-19 07:00:00,7,5,1,0,6.986,80.493,6.986_80.493,0,0.35071806500377933
2024.11.03,22:00:00,Lorry / Three Wheeler,Rampadeniya School,,"6.999775, 80.473979",accident,2024-11-03 22:00:00,21.7,90,0.0,2.2,6.999775,80.473979,2024-11-03 22:00:00,22,6,1,0,7.0,80.474,7.0_80.474,0,0.35071806500377933
2024.11.15,14:20:00,Three Wheeler,Ginigathena Market,Excessive Speed,"6.9889, 80.4921",hit a pedestrian,2024-11-15 14:20:00,22.6,95,11.8,5.9,6.9889,80.4921,2024-11-15 14:20:00,14,4,0,1,6.989,80.492,6.989_80.492,1,0.39833711262282695
2024.11.20,09:45:00,Bus,Miyora Hotel,Slipped,"6.9903, 80.4352",skidded on wet road,2024-11-20 09:45:00,24.8,82,0.0,6.7,6.9903,80.4352,2024-11-20 09:45:00,9,2,0,0,6.99,80.435,6.99_80.435,0,0.35071806500377933
2024.11.25,17:30:00,Lorry,Kadawala 56/5 Culvert,Mechanical Error,"6.979513, 80.503543",brake failure,2024-11-25 17:30:00,21.3,99,3.0,6.8,6.979513,80.503543,2024-11-25 17:30:00,17,0,0,1,6.98,80.504,6.98_80.504,0,0.35071806500377933
2024.12.01,08:10:00,Motor Cycle,Ambagamuwa 9/8 Culvert,Excessive Speed,"7.0190, 80.4938",collision with van,2024-12-01 08:10:00,22.8,89,0.0,9.9,7.019,80.4938,2024-12-01 08:10:00,8,6,1,0,7.019,80.494,7.019_80.494,1,0.39833711262282695
2024.12.05,20:15:00,Van,Millagahamula 47/2 Culvert,Slipped,"6.990531, 80.459648",Turn over,2024-12-05 20:15:00,21.0,94,0.0,1.1,6.990531,80.459648,2024-12-05 20:15:00,20,3,0,0,6.991,80.46,6.991_80.46,0,0.35071806500377933
2024.12.10,11:50:00,Three Wheeler,"Hatton-colombo Rd, 45km",Excessive Speed,"6.990598, 80.490651",hit a barrier,2024-12-10 11:50:00,27.2,54,0.0,6.2,6.990598,80.490651,2024-12-10 11:50:00,11,1,0,0,6.991,80.491,6.991_80.491,1,0.39833711262282695
2024.12.15,13:25:00,Car,Ginigathena Hospital Rd,Slipped,"6.9924, 80.4886",lost control on curve,2024-12-15 13:25:00,28.2,48,0.0,12.4,6.9924,80.4886,2024-12-15 13:25:00,13,6,1,0,6.992,80.489,6.992_80.489,0,0.35071806500377933
2024.12.20,16:40:00,Bus,Diyagala 57/8 Culvert,Excessive Speed,"6.978656, 80.503532",hit a parked vehicle,2024-12-20 16:40:00,22.6,92,0.5,3.6,6.978656,80.503532,2024-12-20 16:40:00,16,4,0,1,6.979,80.504,6.979_80.504,1,0.39833711262282695
2024.12.25,22:00:00,Lorry,Rampadeniya 51/12 Culvert,Slipped,"6.996108, 80.480100",plunged into ditch,2024-12-25 22:00:00,16.4,92,0.0,3.0,6.996108,80.4801,2024-12-25 22:00:00,22,2,0,0,6.996,80.48,6.996_80.48,0,0.35071806500377933
2025.01.02,07:15:00,Motor Cycle,Badupola 50km Marker,Excessive Speed,"6.9985, 80.4758",collision with three-wheeler,2025-01-02 07:15:00,21.2,99,0.3,2.5,6.9985,80.4758,2025-01-02 07:15:00,7,3,0,1,6.998,80.476,6.998_80.476,1,0.39833711262282695
2025.01.08,12:30:00,Three Wheeler,Ambagamuwa Samurdi Bank,Slipped,"7.010875, 80.490356",Turn over,2025-01-08 12:30:00,27.2,60,0.0,6.1,7.010875,80.490356,2025-01-08 12:30:00,12,2,0,0,7.011,80.49,7.011_80.49,0,0.35071806500377933
2025.01.12,18:20:00,Van,Kadawala 55/14 Culvert,Excessive Speed,"6.976910, 80.503612",hit a cyclist,2025-01-12 18:20:00,21.1,97,0.1,0.5,6.97691,80.503612,2025-01-12 18:20:00,18,6,1,0,6.977,80.504,6.977_80.504,1,0.39833711262282695
2025.01.18,09:45:00,Car,Ginigathena Police Station,Slipped,"6.9890, 80.4941",skidded on oil spill,2025-01-18 09:45:00,25.8,70,0.0,4.0,6.989,80.4941,2025-01-18 09:45:00,9,5,1,0,6.989,80.494,6.989_80.494,0,0.35071806500377933
2025.01.22,14:10:00,Bus,Millagahamula 46/9 Culvert,Excessive Speed,"6.991424, 80.460627",out of control,2025-01-22 14:10:00,22.8,95,0.2,2.3,6.991424,80.460627,2025-01-22 14:10:00,14,2,0,1,6.991,80.461,6.991_80.461,1,0.39833711262282695
2025.01.28,10:30:00,Lorry,Pitawala Junction,Mechanical Error,"6.9942, 80.4497",engine failure,2025-01-28 10:30:00,24.6,67,0.0,4.7,6.9942,80.4497,2025-01-28 10:30:00,10,1,0,0,6.994,80.45,6.994_80.45,0,0.3347763347763348
2025.02.03,16:50:00,Three Wheeler,Ambagamuwa Temple Rd,Slipped,"7.0190, 80.4938",hit a pole,2025-02-03 16:50:00,25.9,63,0.0,6.8,7.019,80.4938,2025-02-03 16:50:00,16,0,0,0,7.019,80.494,7.019_80.494,0,0.35071806500377933
2025.02.08,21:15:00,Motor Cycle,Ginigathena Bus Stand,Excessive Speed,"6.9954, 80.4918",collision with pedestrian,2025-02-08 21:15:00,16.3,94,0.0,7.3,6.9954,80.4918,2025-02-08 21:15:00,21,5,1,0,6.995,80.492,6.995_80.492,1,0.39833711262282695
2025.02.14,08:40:00,Van,Kadawala School,Slipped,"6.9775, 80.5040",Turn over,2025-02-14 08:40:00,21.9,68,0.0,1.0,6.9775,80.504,2025-02-14 08:40:00,8,4,0,0,6.978,80.504,6.978_80.504,0,0.35071806500377933
2025.02.20,13:55:00,Car,Diyagala 56/4 Culvert,Excessive Speed,"6.977309, 80.503780",hit a tree,2025-02-20 13:55:00,29.3,47,0.0,6.9,6.977309,80.50378,2025-02-20 13:55:00,13,3,0,0,6.977,80.504,6.977_80.504,1,0.39833711262282695
2025.02.26,17:20:00,Bus,Millagahamula 48/6 Culvert,Slipped,"6.990705, 80.462151",skidded on gravel,2025-02-26 17:20:00,24.3,81,0.2,5.1,6.990705,80.462151,2025-02-26 17:20:00,17,2,0,1,6.991,80.462,6.991_80.462,0,0.35071806500377933
2025.03.04,10:45:00,Lorry,Ambagamuwa 9/9 Culvert,Mechanical Error,"7.019383, 80.497491",brake failure,2025-03-04 10:45:00,28.3,55,0.0,6.2,7.019383,80.497491,2025-03-04 10:45:00,10,1,0,0,7.019,80.497,7.019_80.497,0,0.35071806500377933
2025.03.10,19:30:00,Three Wheeler,Ginigathena Market,Excessive Speed,"6.9889, 80.4921",hit a cart,2025-03-10 19:30:00,22.6,97,0.0,0.5,6.9889,80.4921,2025-03-10 19:30:00,19,0,0,0,6.989,80.492,6.989_80.492,1,0.39833711262282695
2025.03.16,07:50:00,Motor Cycle,Badupola 50km Marker,Slipped,"6.9985, 80.4758",fell on wet road,2025-03-16 07:50:00,21.6,94,0.0,2.1,6.9985,80.4758,2025-03-16 07:50:00,7,6,1,0,6.998,80.476,6.998_80.476,0,0.35071806500377933
2025.03.22,12:15:00,Van,Kadawala 55/15 Culvert,Excessive Speed,"6.977464, 80.503956",collision with bike,2025-03-22 12:15:00,27.4,69,0.1,3.8,6.977464,80.503956,2025-03-22 12:15:00,12,5,1,0,6.977,80.504,6.977_80.504,1,0.39833711262282695
2025.03.28,15:40:00,Car,Ginigathena Hospital,Slipped,"6.9924, 80.4886",lost control,2025-03-28 15:40:00,28.3,51,0.0,4.6,6.9924,80.4886,2025-03-28 15:40:00,15,4,0,0,6.992,80.489,6.992_80.489,0,0.35071806500377933
